fetched_at,state_code,district_code,blood_group,blood_component,blood_bank,hospital_code,address,contact,category,available,not_available,last_updated,bank_type
2026-08-24T14:41:09,28,679,13,11,Bsu Chc Munchingput,285058,"Munchingput, , Munchingput, Alluri Sitharama Raju, Andhra Pradesh",-,Govt.,,B+Ve : 0,2026-08-24 10:18:23,BSU
2026-08-24T14:41:09,28,679,13,11,Bsu Ah Chintapalli,281675,"Chintapalli, , CHINTAPALLI, Alluri Sitharama Raju, Andhra Pradesh",-,Govt.,,B+Ve : 0,2026-08-22 08:48:02,BSU
2026-08-24T14:41:09,28,679,13,11,Bsu Chc Chinturu,284578,"Chinturu, , Chintoor , Alluri Sitharama Raju, Andhra Pradesh",-,Govt.,B+Ve : 3,,2026-08-24 09:33:25,BSU
2026-08-24T14:41:09,28,679,13,11,AH Araku Valley,281681,"Sarabhaguda, Araku Valley, Araku Valley, Araku Valley, Alluri Sitharama Raju, Andhra Pradesh","Phone: 9491803981 ,Fax: -, Email: -",Govt.,B+Ve : 3,,2026-08-24 08:17:56,Blood Bank
2026-08-24T14:41:09,28,679,13,11,"Government General Hospital Blood Centre, Paderu",281691,"DH Paderu, , PADERU, Alluri Sitharama Raju, Andhra Pradesh","Phone: 9592046656 ,Fax: 1234567890, Email: areahospitalpaderu@gmail.com",Govt.,B+Ve : 8,,2026-08-24 06:18:19,Blood Bank
2026-08-24T14:41:09,28,680,13,11,Bsu Chc Chodavaram,284580,"Chodavaram, , Chodavaram, Anakapalli, Andhra Pradesh",-,Govt.,,B+Ve : 0,2026-08-24 08:55:22,BSU
2026-08-24T14:41:09,28,680,13,11,District Hospital Blood Centre Anakapalli,2811,"Poolbagh Road, Anakapalli, Anakapalli, Anakapalli, Andhra Pradesh","Phone: 9490263710 ,Fax: 1234567890, Email: bloodbank.ahakp@gmail.com",Govt.,B+Ve : 7,,2026-08-24 00:51:45,Blood Bank
2026-08-24T14:41:09,28,680,13,11,Narsipatnam Blood Centre,285331,"17 216 3rd floor petta Muthyalurao street Krishna bazar, narsipatnam anakapalli Andhra pradesh, Narsipatnam, Anakapalli, Andhra Pradesh","Phone: 9581882018 ,Fax: 1234567890, Email: narsipatnambloodcentre@gmail.com",Private,,B+Ve : 0,2026-08-24 07:49:23,Blood Bank
2026-08-24T14:41:09,28,680,13,11,Area Hospital Blood Centre Narsipatnam,281656,"Area Hospital Narsipatnam, Near Police Station,Chintapalli road, Narsipatnam, Anakapalli, Andhra Pradesh","Phone: 9618473874 ,Fax: -, Email: ahnrpmbloodcenter@gmail.com",Govt.,B+Ve : 9,,2026-08-24 09:35:44,Blood Bank
2026-08-24T14:41:09,28,680,13,11,Bsu Chc Nakkapalli,281665,"Nakkapalli, , NAKKAPALLI, Anakapalli, Andhra Pradesh",-,Govt.,B+Ve : 1,,2026-08-24 09:05:06,BSU
2026-08-24T14:41:09,28,680,13,11,Bsu Chc Yelamachili,285223,"Yelamnchili, , Yelamachili, Anakapalli, Andhra Pradesh",-,Govt.,B+Ve : 2,,2026-08-24 09:16:25,BSU
2026-08-24T14:41:09,28,680,13,11,BSU CHC K Kotapadu,281661,"Kotapadu, , KOTAPADU, Anakapalli, Andhra Pradesh",-,Govt.,B+Ve : 2,,2026-08-24 09:52:52,BSU
2026-08-24T14:41:09,28,680,13,11,Sree Surya Abhayanjaneya Blood Centre,283773,"D.No. 12-4-45 Pudimadaka road beside Satyadev Hospital, near, Anakapalli, Anakapalli, Andhra Pradesh","Phone: 9059017567 ,Fax: 0, Email: ssabloodcenter2021@gmail.com",Charitable/Vol,,B+Ve : 0,2026-08-24 12:33:52,Blood Bank
2026-08-24T14:41:09,28,680,13,11,Bsu Chc Kotauratla,284581,"kotauratla, , koutaratla, Anakapalli, Andhra Pradesh",-,Govt.,,B+Ve : 0,2026-08-24 08:50:50,BSU
2026-08-24T14:41:10,28,553,13,11,Indian Red Cross Society Blood Bank Anantapuramu,28149,"CD Hospital Compound Near Tadipatri Busstand, Old Town Ananthapuramu-515005, Ananthapur, Ananthapuramu, Andhra Pradesh","Phone: 9666629797 ,Fax: -, Email: ircsbloodbank.anantapur@gmail.com",Red Cross ,,B+Ve : 0,2026-08-24 08:05:30,Blood Bank
2026-08-24T14:41:10,28,553,13,11,Bsu Ah Tadipatri,281308,"Tadipatri, , TADIPATRI, Ananthapuramu, Andhra Pradesh",-,Govt.,,B+Ve : 0,2026-08-20 10:10:55,BSU
2026-08-24T14:41:10,28,553,13,11,BSU Chc Kalyandurg,281309,"Kalyandurg, Rayadurgam road, KALYANADURG, Ananthapuramu, Andhra Pradesh",-,Govt.,B+Ve : 1,,2026-08-24 09:47:57,BSU
2026-08-24T14:41:10,28,553,13,11,Area Hospital Blood Centre Guntakal,281306,"M/S APVVP Area Hospital Blood Center, Guntakal, Anantapuramu, GUNTAKAL, Ananthapuramu, Andhra Pradesh","Phone: 9160100310 ,Fax: -, Email: bloodbankahgtl@gmail.com",Govt.,B+Ve : 13,,2026-08-24 11:05:50,Blood Bank
2026-08-24T14:41:10,28,553,13,11,Bsu Rdt Kalyandurgam Private,282824,"Private BSU,The RDT Hospital, Kalyandurgam, Ananthapuramu, , Kalyandurg, Ananthapuramu, Andhra Pradesh",-,Private,,B+Ve : 0,2026-08-24 08:05:25,BSU
2026-08-24T14:41:10,28,553,13,11,Deepu Blood Centre Ananthapur,282646,"Deepu Blood Centre, 12-2-946, Sainagar 2nd cross, opp to SBI main branch, Ananta, Anantapur, Ananthapuramu, Andhra Pradesh","Phone: 7989152443 ,Fax: 0, Email: Deepubloodbank@gmail.com",Private,,B+Ve : 0,2026-08-24 10:42:50,Blood Bank
2026-08-24T14:41:10,28,553,13,11,Seva Blood Centre,283515,"2/309-6,3rd Floor, Thirumala Towers, Yellanuru Road Circle,TADIPATRI, TADIPATRI, Ananthapuramu, Andhra Pradesh","Phone: 9177615997 ,Fax: 1234567890, Email: Sevabloodcentre2022@gmail.com",Private,,B+Ve : 0,2026-08-24 07:41:47,Blood Bank
2026-08-24T14:41:10,28,553,13,11,Government General Hospital Blood Centre Anantapur,2842,"Dist. H.Q. Hospital Premises, Ground Floor, Opp DMHO Office Anantapuramu, Anantapur, Ananthapuramu, Andhra Pradesh","Phone: 8554275024 ,Fax: 1234567890, Email: bloodbankgghatp@gmail.com",Govt.,B+Ve : 1,,2026-08-24 09:37:17,Blood Bank
2026-08-24T14:41:10,28,553,13,11,Bsu Chc Gooty,280920,"Gooty, , GOOTY, Ananthapuramu, Andhra Pradesh",-,Govt.,,B+Ve : 0,2026-08-24 10:32:34,BSU
2026-08-24T14:41:10,28,553,13,11,Gopi Charitable Blood Center,283503,"D.NO.14/13,Samsan peta, Revenue ward No.14th, Kasspuram Road, Guntakal, Ananthapuramu, Andhra Pradesh","Phone: 9483733333 ,Fax: 0, Email: Gopibloodbank@gmail.com",Charitable/Vol,B+Ve : 6,,2026-08-24 09:52:47,Blood Bank
2026-08-24T14:41:10,28,553,13,11,Sreenitha Voluntary Blood Centre Ananthapuram,284558,"D.No 12-2-937-1, 2nd floor, 2nd cross, Sai Nagar, Ananthapuram, Ananthapuram, Ananthapuramu, Andhra Pradesh","Phone: 8688936028 ,Fax: -, Email: sreebloodcentre@gmail.com",Charitable/Vol,B+Ve : 2,,2026-08-24 09:29:58,Blood Bank
2026-08-24T14:41:10,28,553,13,11,Chaitanya Blood Centre Ananthapur,282620,"M/s. Chaitanya  Blood Centre (A unit of Chaitanya Youth Asso, Anantapur, Ananthapuramu, Andhra Pradesh","Phone: 9441219290 ,Fax: 1234567890, Email: chaitanyabloodbankatp001@gmail.com",Charitable/Vol,B+Ve : 2,,2026-08-24 08:07:09,Blood Bank
2026-08-24T14:41:10,28,553,13,11,Bsu Ah Rayadurgam,281312,"Rayadurgam, , RAYADURGAM, Ananthapuramu, Andhra Pradesh",-,Govt.,,B+Ve : 0,2026-08-24 10:10:22,BSU
2026-08-24T14:41:10,28,553,13,11,Bsu Chc Uravakonda,284661,"Uravakonda, , Uravakonda, Ananthapuramu, Andhra Pradesh",-,Govt.,,B+Ve : 0,2026-08-24 07:23:35,BSU
2026-08-24T14:41:10,28,753,13,11,Madanapalli Voluntary Blood Centre ,283814,"Madanapalli Voluntary Blood centre D.No.14/180,2nd Floor,CTM, Madanapalli, Annamayya, Andhra Pradesh","Phone: 9246999571 ,Fax: -, Email: mplbloodbankv@gmail.com",Charitable/Vol,,B+Ve : 0,2026-08-24 05:08:47,Blood Bank
2026-08-24T14:41:10,28,753,13,11,Bsu Ah Rayachoti,281771,"Rayachoti, , RAYACHOTI, Annamayya, Andhra Pradesh",-,Govt.,B+Ve : 2,,2026-08-24 09:34:37,BSU
2026-08-24T14:41:10,28,753,13,11,Bsu Ah Rajampet,281772,"Rajampeta, , RAJAMPET, Annamayya, Andhra Pradesh",-,Govt.,,B+Ve : 0,2026-08-24 08:04:35,BSU
2026-08-24T14:41:10,28,753,13,11,Bsu Chc Vayalpadu,284662,"Vayalapad, , vayalpadu, Annamayya, Andhra Pradesh",-,Govt.,,B+Ve : 0,2026-08-24 05:21:25,BSU
2026-08-24T14:41:10,28,753,13,11,Sri Deepa Voluntary Blood Centre,283342,"D.No.70/43-A and B, First and Second Floor, Brahmin Street,, Rayachoty, Annamayya, Andhra Pradesh","Phone: 7406899988 ,Fax: -, Email: srideepabloodcentre@gmail.com",Charitable/Vol,,B+Ve : 0,2026-08-24 09:20:29,Blood Bank
2026-08-24T14:41:10,28,753,13,11,Government General Hospital Blood Centre Madanapalle,283353,"MADANAPALLE, MADANAPALLE, Annamayya, Andhra Pradesh","Phone: 7981322876 ,Fax: -, Email: ircsbbmpl2009@gmail.com",Govt.,B+Ve : 36,,2026-08-24 10:48:13,Blood Bank
2026-08-24T14:41:10,28,753,13,11,Bsu Ah Pileru,280924,"Pileru, , PILER, Annamayya, Andhra Pradesh",-,Govt.,B+Ve : 3,,2026-08-23 15:42:48,BSU
2026-08-24T14:41:10,28,750,13,11,Area Hospital Blood Centre Bapatla,280932,"Area Hospital. 13th ward, Satyanarayanapuram, Bapatla, BAPATLA, Bapatla, Andhra Pradesh","Phone: 9989742355 ,Fax: -, Email: bapatlabloodbank@gmail.com",Govt.,B+Ve : 2,,2026-08-24 09:21:23,Blood Bank
2026-08-24T14:41:10,28,750,13,11,Bsu Chc Pittalavani Palem,285221,"Pittalavani Palem, , Pttalavani Palem, Bapatla, Andhra Pradesh",-,Govt.,B+Ve : 1,,2026-08-24 09:28:08,BSU
2026-08-24T14:41:10,28,750,13,11,Bsu Ircs Bapatla,285056,"Near MRO Office, , Bapatla, Bapatla, Andhra Pradesh",-,Red Cross ,,B+Ve : 0,2026-08-24 12:24:37,BSU
2026-08-24T14:41:10,28,750,13,11,Aapadbandhu Blood Centre Chirala,283867,"DNO 21-1-190, 1st Floor, Chirala Prakasam A.P, Chirala, Bapatla, Andhra Pradesh","Phone: 9121976191 ,Fax: 1234567890, Email: aapadbandhubbchirala@gmail.com",Charitable/Vol,B+Ve : 2,,2026-08-23 09:28:05,Blood Bank
2026-08-24T14:41:10,28,750,13,11,IRCS Blood Bank Repalle,28147,"Govt HospitalCampus,Main Road, Repalle, Bapatla, Andhra Pradesh","Phone: 08648 -223939 ,9177883353 ,Fax: -, Email: rplredcrossbb@gmail.com",Red Cross ,B+Ve : 10,,2026-08-24 09:43:16,Blood Bank
2026-08-24T14:41:10,28,750,13,11,AH Chirala Blood Bank,28116,"Area Hospital chirala, Chirala, Bapatla, Andhra Pradesh","Phone: 98852991849 ,Fax: -, Email: bloodbankchirala@gmail.com",Govt.,B +ve : 4,,2026-08-24 09:19:18,Blood Bank
2026-08-24T14:41:10,28,750,13,11,BSU CHC Parchur,285229,"CHC PARCHUR, , Parchur, Bapatla, Andhra Pradesh",-,Govt.,,B+Ve : 0,2026-08-24 10:22:16,BSU
2026-08-24T14:41:10,28,750,13,11,Bsu Chc Nizampatnam,284663,"Nizampatnam, , Nizampatnam, Bapatla, Andhra Pradesh",-,Govt.,,B+Ve : 0,2026-08-24 10:24:29,BSU
2026-08-24T14:41:10,28,750,13,11,BSU CHC Repalle,285319,"Repalle, , Repalle, Bapatla, Andhra Pradesh",-,Govt.,,B+Ve : 0,2026-08-19 23:17:57,BSU
2026-08-24T14:41:10,28,750,13,11,BSU CHC Vemuru,285309,"CHC Vemuru, Bapatla, AP, Vemuru, Bapatla, Andhra Pradesh","Phone: 7989911242 ,Fax: -, Email: gntchgvemuru@gmail.com",Govt.,,B+Ve : 0,2026-08-24 10:12:30,BSU
2026-08-24T14:41:10,28,750,13,11,Bsu Ircs Repalle,284582,"Repalle, , Repalle, Bapatla, Andhra Pradesh",-,Red Cross ,B+Ve : 2,,2026-08-17 09:36:15,BSU
2026-08-24T14:41:10,28,750,13,11,Bsu Chc Marturu,281518,"Marturu, , Marturu, Bapatla, Andhra Pradesh",-,Govt.,B+Ve : 2,,2026-08-24 06:30:27,BSU
2026-08-24T14:41:10,28,554,13,11,"Bsu Christian Medical College, Vellore",284591,"Chittoor, , Chittoor, Chittoor, Andhra Pradesh",-,Private,,B+Ve : 0,2026-08-24 08:34:08,BSU
2026-08-24T14:41:10,28,554,13,11,Area Hospital Blood Centre Kuppam,280921,"Area Hospital, Near R  B Building, Lakshmi Puram, Kuppam, Ch, KUPPAM, Chittoor, Andhra Pradesh","Phone: 9966916365 ,Fax: 0, Email: bloodcenterahkpm@gmail.com",Govt.,B+Ve : 1,,2026-08-24 09:13:58,Blood Bank
2026-08-24T14:41:10,28,554,13,11,Bsu Chc Venkatagiri Kota ,281315,"Venkatagiri Kota, , Venkatagrir Kota, Chittoor, Andhra Pradesh",-,Govt.,,B+Ve : 0,2026-08-24 09:15:52,BSU
2026-08-24T14:41:10,28,554,13,11,Bsu Ah Palamaneru,281316,"Palamaneru, , PALAMANERU, Chittoor, Andhra Pradesh",-,Govt.,B+Ve : 4,,2026-08-24 09:28:00,BSU
2026-08-24T14:41:10,28,554,13,11,Indian Red Cross Society Blood Bank Chittoor,28142,"Dist.Govt.Hqrs.Hospital Campus,Chittoor, Chittoor, Chittoor, Chittoor, Andhra Pradesh","Phone: 8019383106 ,Fax: -, Email: ircsbbchittoor@gmail.com",Red Cross ,B+Ve : 25,,2026-08-24 11:04:57,Blood Bank
2026-08-24T14:41:10,28,554,13,11,Bsu Ah Nagari,281313,"Nagari, , Nagari, Chittoor, Andhra Pradesh",-,Govt.,B+Ve : 1,,2026-08-24 09:33:45,BSU
2026-08-24T14:41:10,28,554,13,11,Bsu Ah Punganur ,281314,"Punaganur, , PUNGANUR, Chittoor, Andhra Pradesh",-,Govt.,,B+Ve : 0,2026-08-24 06:06:32,BSU
2026-08-24T14:41:10,28,554,13,11,District Hospital Blood Centre Chittoor,2829,"1st Floor, District Head Quarter Hospital Premises, Church Street , Chittoor ., Chittoor, Chittoor, Andhra Pradesh","Phone: 9966234593 ,Fax: 1234567890, Email: bloodbankctr1@gmail.com",Govt.,B+Ve : 39,,2026-08-24 09:53:12,Blood Bank
2026-08-24T14:41:10,28,554,13,11,PES Institute of Medical Sciences and Research Blood Centre,2901,"PES MEDICAL COLLEGE AND HOSPITAL, NALGAMPALLY, KUPPAM, Chittoor, Andhra Pradesh","Phone: 9391833741 ,Fax: -, Email: Bloodbank@pesimsr.pes.edu",Private,,B+Ve : 0,2026-08-24 12:24:34,Blood Bank
2026-08-24T14:41:11,28,682,13,11,Bsu Chc Alamuru,284669,"Alamuru, , Alamur, Dr. B. R. Ambedkar Konaseema, Andhra Pradesh",-,Govt.,,B+Ve : 0,2026-08-24 08:59:49,BSU
2026-08-24T14:41:11,28,682,13,11,Buddala Nagaratnam Memorial Voluntary Blood Bank,283789,"D No. 6-1-12/1, Opp.Swarna Sai Mandir, Near Yerra Vantena,, OPP.SWARNA SAI MANDIR,NEAR YERRA VANTENA AMALAPURAM, Amalapuram, Dr. B. R. Ambedkar Konaseema, Andhra Pradesh","Phone: 9295558455 ,Fax: 1234567890, Email: bnrbbamp@gmail.com",Charitable/Vol,B+Ve : 10,,2026-08-24 10:34:30,Blood Bank
2026-08-24T14:41:11,28,682,13,11,Yenduri Raghava Nageswarara Rao Blood Centre,284963,"4-2-35/2 KNF Road, Amalapuram, Amalapauram, Dr. B. R. Ambedkar Konaseema, Andhra Pradesh","Phone: 6309568880 ,Fax: -, Email: haribabu1514@gmail.com",Charitable/Vol,,B+Ve : 0,2026-08-24 10:03:40,Blood Bank
2026-08-24T14:41:11,28,682,13,11,Area Hospital Blood Centre Amalapuram,283444,"Area Hospital Blood Centre, Area Hospital (Government), GROUND FLOOR,AH,AMALAPURAM, Amalapuram, Dr. B. R. Ambedkar Konaseema, Andhra Pradesh","Phone: 9505152234 ,Fax: 1234567890, Email: bloodbankahamp@gmail.com",Govt.,B+Ve : 31,,2026-08-24 08:05:54,Blood Bank
2026-08-24T14:41:11,28,682,13,11,Konaseema Institute Of Medical Sciences And Research Foundation Hospital Blood Centre,2881," NH-216, Chaitanya Health City, , Amalapuram, Dr.B.R.Ambedkar Konaseema District., Amalapuram, Dr. B. R. Ambedkar Konaseema, Andhra Pradesh","Phone: 7331185413 ,Fax: 0, Email: bloodbank@kims.in",Private,B+Ve : 1,,2026-08-24 08:20:25,Blood Bank
2026-08-24T14:41:11,28,682,13,11,Area Hospital Blood Centre Ramachandrapuram,280929,"AH Ramachandrapuram, Konaseema District, Andhra Pradesh, RAMACHANDRAPURAM, Dr. B. R. Ambedkar Konaseema, Andhra Pradesh","Phone: 9848257592 ,Fax: -, Email: ah_rcpm@yahoo.co.in",Govt.,B+Ve : 11,,2026-08-24 09:54:10,Blood Bank
2026-08-24T14:41:11,28,682,13,11,Bsu Chc Mummidi Varam,284598,"Mummidi varam, , Mummidi varam, Dr. B. R. Ambedkar Konaseema, Andhra Pradesh",-,Govt.,,B+Ve : 0,2026-08-24 09:50:39,BSU
2026-08-24T14:41:11,28,682,13,11,Sahasra Blood Centre,284399,"2nd floor, Teja towers, Near S.K.B.R College, Amalapuram, Amalapuram, Dr. B. R. Ambedkar Konaseema, Andhra Pradesh","Phone: 9603671842 ,Fax: -, Email: sahasrabloodcentre@gmail.com",Private,,B+Ve : 0,2026-08-24 08:17:58,Blood Bank
2026-08-24T14:41:11,28,682,13,11,Bsu Chc Patha Gannavaram,284586,"P Gannavaraam, , P Gannavaram, Dr. B. R. Ambedkar Konaseema, Andhra Pradesh",-,Govt.,B+Ve : 1,,2026-08-24 09:28:36,BSU
2026-08-24T14:41:11,28,682,13,11,Bsu Chc T. Kothapalli,284672,"T. Kothapalli, , T Kothaplii, Dr. B. R. Ambedkar Konaseema, Andhra Pradesh",-,Govt.,,B+Ve : 0,2026-08-24 09:19:32,BSU
2026-08-24T14:41:11,28,682,13,11,Bsu Chc Kothapet,280926,"KOTHAPET, , KOTHAPET, Dr. B. R. Ambedkar Konaseema, Andhra Pradesh",-,Govt.,B+Ve : 1,,2026-08-24 09:15:28,Blood Bank
2026-08-24T14:41:11,28,682,13,11,Bsu Chc Allavaram,284670,"Allavaram, , Allavaram, Dr. B. R. Ambedkar Konaseema, Andhra Pradesh",-,Govt.,,B+Ve : 0,2026-08-24 11:22:36,BSU
2026-08-24T14:41:11,28,682,13,11,Community Health Centre Blood Centre Razole,280902,"GOVT HOSPITAL CHC RAZOLE, RAZOLE, Razole, Dr. B. R. Ambedkar Konaseema, Andhra Pradesh","Phone: 8008553463 ,Fax: -, Email: ahbloodbankrzl@gmail.com",Govt.,,B+Ve : 0,2026-08-24 09:00:42,Blood Bank
2026-08-24T14:41:11,28,545,13,11,Dhanwantani Voluntary Blood Bank,28106,"Rajahmundry, East Godavari, Andhra Pradesh","Phone: - ,Fax: -, Email: rjydvbb@gmail.com",Charitable/Vol,B+Ve : 5,,2026-08-24 08:20:25,Blood Bank
2026-08-24T14:41:11,28,545,13,11,Bsu Chc Kovvuru,281755,"Kovvuru, , KOVVUR, East Godavari, Andhra Pradesh",-,Govt.,,B+Ve : 0,2026-08-24 09:05:15,BSU
2026-08-24T14:41:11,28,545,13,11,GSL Trust Blood Centre,2930,"C/oGodavari Scan Centre,46-13-31,First Floor, Near Gandhi P, Rajahmundry, East Godavari, Andhra Pradesh","Phone: 9492031493 ,Fax: 1234567890, Email: swatantrabbrjy@gmail.com",Charitable/Vol,,B+Ve : 0,2026-08-24 08:41:32,Blood Bank
2026-08-24T14:41:11,28,545,13,11,Dr. Ysr-Jakkampudi Rammohan Rao Blood Centre,283889,"46-18-10, DANAVAIPET, RAJAHMUNDRY, RAJAHMUNDRY, East Godavari, Andhra Pradesh","Phone: 8235565656 ,Fax: 0, Email: ysrjrmbc2021@gmail.com",Charitable/Vol,B+Ve : 4,,2026-08-24 08:58:23,Blood Bank
2026-08-24T14:41:11,28,545,13,11,"Government General Hospital Blood Centre, Rajahmundry",2831,"Ground Floor, Government General Hospital Premises, Rajamundry, East Godavari, Andhra Pradesh","Phone: 9493480622 ,Fax: 0, Email: govtbloodbank.rjy@gmail.com",Govt.,B+Ve : 4,,2026-08-24 10:05:00,Blood Bank
2026-08-24T14:41:11,28,545,13,11,Gsl Medical College And General Hospital Blood Centre,2851,"Laxmipuram, NH.16, Rajanagaram Mandal, Rajhamundry, East Godavari, Andhra Pradesh","Phone: 8836699999 ,Fax: 0, Email: gslbloodbank@gmail.com",Private,B+Ve : 1,,2026-08-24 08:13:25,Blood Bank
2026-08-24T14:41:11,28,545,13,11,Bsu Chc Kadiyam,284667,"Kadiyam, , Kadiyam, East Godavari, Andhra Pradesh",-,Govt.,B+Ve : 1,,2026-08-24 09:51:43,BSU
2026-08-24T14:41:11,28,545,13,11,Ntr Memorial Trust Blood Centre Rajamahendravaram,284732,"Prakash Nagar, Rajamahedravaram, Rajamahendravaram, East Godavari, Andhra Pradesh","Phone: 9154945223 ,Fax: -, Email: admin_bbrjy@ntrtrust.org",Charitable/Vol,,B+Ve : 0,2026-08-24 00:05:43,Blood Bank
2026-08-24T14:41:11,28,545,13,11,Bsu Chc Gopalapuram,284666,"Gopalapuram, , Gopalapuram, East Godavari, Andhra Pradesh",-,Govt.,,B+Ve : 0,2026-08-24 09:55:39,BSU
2026-08-24T14:41:11,28,545,13,11,Bsu Chc Nidadavolu,284665,"Nidadavolu, , Nidadavolu, East Godavari, Andhra Pradesh",-,Govt.,,B+Ve : 0,2026-08-24 09:33:29,BSU
2026-08-24T14:41:11,28,545,13,11,Sanjeevani Voluntary Blood Centre Rajamahendravaram,283774,"D.no.46-23-16,2nd floor, Ganuga street danavaipeta rajamahendravaram, Rajamahendravaram 9852673333, East Godavari, Andhra Pradesh","Phone: 9852673333 ,Fax: 1234567890, Email: sanjeevanibloodcentre.rjy@gmail.com",Charitable/Vol,B+Ve : 2,,2026-08-24 10:10:35,Blood Bank
2026-08-24T14:41:11,28,545,13,11,Bsu Chc Gokavaram,284583,"Gokavaram, , Gokavaram, East Godavari, Andhra Pradesh",-,Govt.,,B+Ve : 0,2026-08-22 09:44:39,BSU
2026-08-24T14:41:11,28,545,13,11,Bsu Chc Kapileswapuram,284671,"Kapileswapuram, , Kapileswapuram, East Godavari, Andhra Pradesh",-,Govt.,,B+Ve : 0,2026-08-24 09:02:47,BSU
2026-08-24T14:41:11,28,545,13,11,Satya Surya Voluntary Blood Center,283394,"D.No 46-1-3, Nandam Ganiraju Junction, TTD, Road, Danavaipeta, Rajamahendravaram, Rajamahendravaram, East Godavari, Andhra Pradesh","Phone: 8500960088 ,Fax: -, Email: satyasuryabloodbankrjy@gmail.com",Charitable/Vol,,B+Ve : 0,2026-08-24 09:48:08,Blood Bank
2026-08-24T14:41:11,28,545,13,11,Vijayasri Blood Centre Rajahmundry,2934,"D.No: 46-14-1/A, Gandhi park back gate,opp Axis center & Dom, Rajahmundry, East Godavari, Andhra Pradesh","Phone: 6300986632 ,Fax: 1234567890, Email: vijayasribloodbankrjy@gmail.com",Charitable/Vol,,B+Ve : 0,2026-08-24 09:08:46,Blood Bank
2026-08-24T14:41:11,28,545,13,11,Bsu Chc Mandapeta,284592,"Mandapeta, , Mandapeta, East Godavari, Andhra Pradesh",-,Govt.,,B+Ve : 0,2026-08-24 09:16:55,BSU
2026-08-24T14:41:11,28,748,13,11,Bsu Chc Denduluru,285220,"Denduluru, , Eluru, Eluru, Andhra Pradesh",-,Govt.,,B+Ve : 0,2026-08-24 09:50:02,BSU
2026-08-24T14:41:11,28,748,13,11,Area Hospital Blood Cente Nuzvid,280937,"Nuzvid, Nuzvid, Eluru, Andhra Pradesh","Phone: 9885038698 ,Fax: -, Email: -",Govt.,B+Ve : 2,,2026-08-24 09:23:34,Blood Bank
2026-08-24T14:41:11,28,748,13,11,Sunrise Voluntary Blood Centre,282639,"M/s.Sunrise Voluntary Blood Bank,( A Division of Mother Ther, Jangareddygudem, Eluru, Andhra Pradesh","Phone: 9000963508 ,Fax: -, Email: sunrisevoluntarybloodbank@gmail.com",Charitable/Vol,,B+Ve : 0,2026-08-24 09:42:48,Blood Bank
2026-08-24T14:41:11,28,748,13,11,Area Hospital Blood Centre Jangareddygudem,280913,"C/o MNM AREA HOSPITAL, Jangareddygudem, Eluru, Andhra Pradesh","Phone: 9490287612 ,Fax: -, Email: Bloodbankahjrg@gmail.com",Govt.,B+Ve : 3,,2026-08-24 08:42:46,Blood Bank
2026-08-24T14:41:11,28,748,13,11,Bsu Chc Buttaigudem,282825,"Buttaigudem, , Buttaigudem, Eluru, Andhra Pradesh",-,Govt.,,B+Ve : 0,2026-08-24 05:09:16,BSU
2026-08-24T14:41:11,28,748,13,11,Government General Hospital Blood Centre Eluru,2845,"Govt. GENERAL HOSPITAL Ground Floor, RR PET, Eluru, Eluru, Andhra Pradesh","Phone: 9052695870 ,Fax: -, Email: Wgbloodbank@gmail.com",Govt.,B+Ve : 6,,2026-08-24 09:24:11,Blood Bank
2026-08-24T14:41:11,28,748,13,11,Bsu Chc Bhimadolu,281768,"Bhimadolu, , BHIMADOLE, Eluru, Andhra Pradesh",-,Govt.,B+Ve : 1,,2026-08-24 09:28:19,BSU
2026-08-24T14:41:11,28,748,13,11,Bsu Chc Kaikaluru,281328,"Kaikauluru, , KAIKALURU, Eluru, Andhra Pradesh",-,Govt.,B+Ve : 1,,2026-08-24 09:32:03,BSU
2026-08-24T14:41:11,28,748,13,11,Vasundhara Blood Centre,284926,"23a -7-29, Suseela Pride Apartment, 1st  2nd floor, Mancherl, Eluru, Eluru, Andhra Pradesh","Phone: 7794980332 ,Fax: -, Email: sriniwaasmargani99@gmail.com",Charitable/Vol,,B+Ve : 0,2026-08-24 12:47:32,Blood Bank
2026-08-24T14:41:11,28,748,13,11,Indian Red Cross Society Blood Bank Eluru,28141,"Govt General hospital Premises, R.R Peta, Eluru, Eluru, Eluru, Andhra Pradesh","Phone: 9110705443 ,Fax: 0, Email: redcrosseluru@gmail.com",Red Cross ,B+Ve : 4,,2026-08-24 08:43:07,Blood Bank
2026-08-24T14:41:11,28,748,13,11,Bsu Ah Chintalapudi,281752,"Chintalapudi, , CHINTALAPUDI, Eluru, Andhra Pradesh",-,Govt.,B+Ve : 3,,2026-08-24 08:45:37,BSU
2026-08-24T14:41:11,28,748,13,11,Jangareddygudem Blood Centre,282640,"M/s. Jangareddygudem Blood Bank (A unit of Sri Yoshitha Soci, Jangareddygudem, Eluru, Andhra Pradesh","Phone: 8985653888 ,Fax: -, Email: jangareddygudembloodbank299@gmail.com",Charitable/Vol,B+Ve : 7,,2026-08-24 11:12:11,Blood Bank
2026-08-24T14:41:11,28,748,13,11,Good Samaritan Blood Centre,2837,"H. No. 13-1/1, Good Samaritan Cancer and General Hospital, V, ELURU, Eluru, Andhra Pradesh","Phone: 9908083907 ,Fax: -, Email: Samaritaneluru@gmail.com",Private,B+Ve : 15,,2026-08-24 10:07:27,Blood Bank
2026-08-24T14:41:11,28,748,13,11,Alluri Sita Rama Raju Acadamy Of Medical Sciences Blood Centre,2803,"Ground Floor, Hospital Block, NH5, Eluru, Eluru, Andhra Pradesh","Phone: 9700951337 ,Fax: -, Email: asrambloodbank@gmail.com",Charitable/Vol,B +ve : 3,,2026-08-24 09:42:53,Blood Bank
2026-08-24T14:41:11,28,548,13,11,Indian Red Cross Society Blood Bank  Guntur 9,28139,"Do. No 26-15-21,Z.P.Compound,Nagaram Palem, Do. No 26-15-21,Z.P.Compound,Nagaram Palem, Guntur, Guntur, Andhra Pradesh","Phone: 0863- 2215656,9985322589 ,Fax: -, Email: redcrossguntur@yahoo.co.in",Red Cross ,B+Ve : 4,,2026-08-24 07:31:53,Blood Bank
2026-08-24T14:41:11,28,548,13,11,Manipal Hospital Blood Centre,2889,"NH-5, Soumya Nagar, Tadepalli,, Guntur, Guntur, Andhra Pradesh","Phone: 9490711061 ,Fax: -, Email: -",Private,,B+Ve : 0,2026-08-24 00:39:29,Blood Bank
2026-08-24T14:41:11,28,548,13,11,Rainbow Blood Centre Guntur,282626,"M/s. Rainboww  Blood Bank,(A Unit of Kanneganti Foundation),, Guntur, Guntur, Andhra Pradesh","Phone: 9492452345 ,Fax: -, Email: rainbowwbloodbank@gmail.com",Charitable/Vol,B+Ve : 4,,2026-08-24 09:44:56,Blood Bank
2026-08-24T14:41:11,28,548,13,11,District Hospital Blood Center Tenali,2810,"Ground Floor, Hospital Premises, Chenchupeta, NEAR MARKET YARD , Tenali, Guntur, Andhra Pradesh","Phone: 9494052934 ,Fax: -, Email: tenalibloodbank@gmail.com",Govt.,B+Ve : 27,,2026-08-24 09:45:02,Blood Bank
2026-08-24T14:41:11,28,548,13,11,Government Blood Centre,2843,"First Floor,Room number 29 OP Block, Government General Hospital ,opp railway Station ,Guntur, Guntur, Guntur, Guntur, Andhra Pradesh","Phone: 9948621681 ,Fax: 1234567890, Email: bloodbank.ggh.gnt@gmail.com",Govt.,B+Ve : 5,,2026-08-24 12:38:20,Blood Bank
2026-08-24T14:41:11,28,548,13,11,Lions Club Of Gunturvision Blood Centre,2885,"D.No. 12-17-31, 1st Floor, Somuvari Street, Near Bose Statue, Kothapet, Guntur, Andhra Pradesh","Phone: 9291223022 ,Fax: -, Email: lionsvisionbloodbank@gmail.com",Private,B+Ve : 1,,2026-08-24 07:45:55,Blood Bank
2026-08-24T14:41:11,28,548,13,11,Aapadbandhu Blood Center Guntur,282622,"D.No..12-12-22&23,Ist& 3rd floor,above kasturi surgicals, ol, Guntur, Guntur, Andhra Pradesh","Phone: 9502698123 ,Fax: 0, Email: aapadbandhubbgnt@gmail.com",Charitable/Vol,,B+Ve : 0,2026-08-24 09:32:13,Blood Bank
2026-08-24T14:41:11,28,548,13,11,"Nri Academy Of Sciences, Nri Medical College And General Hospital Blood Centre",2895,"E Block, First Floor, Medical College & GH Premises, Chinakakani, Mangalagiri, guntur., Mangalagiri (M), Guntur, Andhra Pradesh","Phone: 8008994660 ,Fax: 1234567890, Email: bloodbank@nrias.ac.in",Private,B+Ve : 4,,2026-08-24 11:18:25,Blood Bank
2026-08-24T14:41:11,28,548,13,11,SREE WELFARE SOCIETY BLOOD CENTRE,284017,"12-12-84,OLD CLUB ROAD, KOTHAPET GUNTUR, GUNTUR, Guntur, Andhra Pradesh","Phone: 8632217117 ,Fax: 1234567890, Email: sreewelfaresocietybloodbank@gmail.com",Charitable/Vol,,B+Ve : 0,2026-08-24 08:17:55,Blood Bank
2026-08-24T14:41:11,28,548,13,11,Needs Blood Centre (A Unit Of Needs Society),2893,"D.No. 12-28-56, 1st Floor (Part), Main Road, Kothapet, Guntur, Andhra Pradesh","Phone: 9246448899 ,Fax: -, Email: needsbloodbankguntur@gmail.com",Private,,B+Ve : 0,2026-08-24 10:20:56,Blood Bank
2026-08-24T14:41:11,28,548,13,11,Ramesh Hospitals Blood Centre Guntur,283873,"Dno: 26-14-1, Collectorate Road, Nagaram palem, Guntur, Guntur, Guntur, Andhra Pradesh","Phone: 7036666081 ,Fax: 1234567890, Email: bloodbank@rameshhospitals.com",Private,B+Ve : 7,,2026-08-24 09:12:04,Blood Bank
2026-08-24T14:41:11,28,548,13,11,Needs Tenali Blood Bank,283563,"D.No:7-5-2, 1st floor , opp. kims hospital, Prakasam Rd, nea, Guntur, Guntur, Andhra Pradesh","Phone: 9000319001 ,Fax: -, Email: needstenalibloodbank@gmail.com",Private,,B+Ve : 0,2026-08-24 08:57:04,Blood Bank
2026-08-24T14:41:11,28,548,13,11,St. JosephS General Hospital Blood Centre,2927,"St. JosephS General Hospital Blood Centre, OPP GOVT.GENERAL HOSPITAL,GUNTUR, Guntur, Guntur, Andhra Pradesh","Phone: 8610193743 ,Fax: -, Email: stjhbbgnt@gmail.com",Private,,B+Ve : 0,2026-08-24 08:19:57,Blood Bank
2026-08-24T14:41:11,28,548,13,11,All India Institute Of Medical Sciences Blood Centre Mangalagiri,283243,"IPD Block, Ground Floor, AIIMS Managalgiri, Managalgiri, Guntur, Andhra Pradesh","Phone: 9440106689 ,Fax: 0, Email: chaitanya.ihbt@aiimsmangalagiri.edu.in",Govt.,,B+Ve : 0,2026-08-24 09:26:12,Blood Bank
2026-08-24T14:41:11,28,548,13,11,Bsu Chc Ponnur,284596,"Ponnur, , Ponnur, Guntur, Andhra Pradesh",-,Govt.,,B+Ve : 0,2026-08-24 10:21:59,BSU
2026-08-24T14:41:11,28,548,13,11,Thalassemia Needs Blood Centre Guntur,284561,"D.No 8-27-159, 1st  2nd floor, Beside mourya dhaba, Basava Tarakaram Nagar,, Guntur, Guntur, Andhra Pradesh","Phone: 7416553344 ,Fax: -, Email: thalassemianeedsbloodcentre@gmail.com",Charitable/Vol,,B+Ve : 0,2026-08-24 10:14:52,Blood Bank
2026-08-24T14:41:11,28,548,13,11,Katuri Medical College And Hospital Blood Centre,2879,"Katuri Nagar, Chinakondrupadu, Prathipadu, Guntur, A.P., Guntur, Guntur, Andhra Pradesh","Phone: 8632288555 ,Fax: 1234567890, Email: katuribloodbank@gmail.com",Private,,B+Ve : 0,2026-08-24 07:25:02,Blood Bank
2026-08-24T14:41:11,28,681,13,11,MS BLOOD STORAGE CENTRE,285332,"MS Area hospital Blood Centre, Tuni KAKINADA 533401, JAGGAMPETA, Kakinada, Andhra Pradesh","Phone: 9848430369 ,Fax: 0, Email: dcschcjaggampeta@gmail.com",Govt.,,B+Ve : 0,2026-08-24 08:58:25,Blood Bank
2026-08-24T14:41:11,28,681,13,11,Venus Blood Centre,285324,"D NO 3 5 9 OppRAITHU BAZAR LALAM SATYANARAYANA,  HOSPITALSTREET TUNI KAKINADA DISTRICT, Tuni, Kakinada, Andhra Pradesh","Phone: 9347911130 ,Fax: 1234567890, Email: venusbloodcenter@gmail.com",Charitable/Vol,,B+Ve : 0,2026-08-24 13:03:26,Blood Bank
2026-08-24T14:41:11,28,681,13,11,SIDDARTHA VOLUNTARY BLOOD BANK,28105,"Ground & 1st floor,Gandhi nagar,Datla vari street,, Kakinada, Kakinada, Andhra Pradesh","Phone: 9885696777 ,Fax: 0, Email: siddarthabloodbank@gmail.com",Charitable/Vol,,B+Ve : 0,2026-08-24 09:38:40,Blood Bank
2026-08-24T14:41:11,28,681,13,11,Bsu Chc Prathipadu,280928,"Prathipadu, , PRATHIPADU, Kakinada, Andhra Pradesh",-,Govt.,B+Ve : 1,,2026-08-24 08:54:21,BSU
2026-08-24T14:41:11,28,681,13,11,Smt. Mattey Nagamani And Adinarayana Memorial Rotary Blood Center,283808,"D.No. 1 - 8 - 32/34 - A , 1st Floor, Sudha Rotary Sathabdi B, Peddapuram, Kakinada, Andhra Pradesh","Phone: 9494703300 ,Fax: -, Email: bloodbank.peddapuram@gmail.com",Charitable/Vol,,B+Ve : 0,2026-08-24 06:56:39,Blood Bank
2026-08-24T14:41:11,28,681,13,11,Bsu Chc Yeleswaram,281319,"Yeleswaram, , YELESWARAM, Kakinada, Andhra Pradesh",-,Govt.,B+Ve : 1,,2026-08-24 09:16:55,BSU
2026-08-24T14:41:11,28,681,13,11,Bsu Chc Pithapuram,281318,"Pithapuram, , PITHAPURAM, Kakinada, Andhra Pradesh",-,Govt.,B+Ve : 2,,2026-08-24 09:57:57,BSU
2026-08-24T14:41:11,28,681,13,11,Navajeevan Blood Centre,284404,"navajeevan blood centre (a unit of navajeevan society), 1st floor, inside medicover hospital,adb road,near achampet , kakinada, Kakinada, Andhra Pradesh","Phone: 9966665607 ,Fax: -, Email: navajeevanbckkd@gmail.com",Charitable/Vol,B+Ve : 3,,2026-08-24 03:58:06,Blood Bank
2026-08-24T14:41:11,28,681,13,11,"Government Blood Bank, GGH, Kakinada",28104,"Room no:11, ground floor, GGH, Kakinada, east godavari, Z.P centre, Kakinada, east godavari, Kakinada, Kakinada, Andhra Pradesh","Phone: 9908913588 ,Fax: 0, Email: bloodbankgghkkd@gmail.com",Govt.,B+Ve : 27,,2026-08-24 09:45:18,Blood Bank
2026-08-24T14:41:11,28,681,13,11,Indian Red Cross Society Blood Centre Kakinada,2871,"8-14-39, Red Cross Street, Gandhi Nagar, Kakinada, 8-14-39, RED CROSS BHAVAN, RED CROSS STREET, GANDHINAGAR, KA, kakinada, Kakinada, Andhra Pradesh","Phone: 9848424389 ,Fax: -, Email: redcrossbloodbankkakinada@yahoo.com",Red Cross ,B+Ve : 14,,2026-08-24 11:12:43,Blood Bank
2026-08-24T14:41:11,28,681,13,11,Rotary Blood Centre (Rotary Club Golden Jubilee Charitable Trust),2907,"D.No. 15-8-10, 2nd Floor, Sambamurthinagar Road, Brahmarshi , Kakinada, Kakinada, Andhra Pradesh","Phone: 9494673434 ,Fax: 0884236736, Email: rotarybloodbank.kakinada@gmail.com",Charitable/Vol,B+Ve : 7,,2026-08-24 10:27:19,Blood Bank
2026-08-24T14:41:11,28,681,13,11,Mother Blood Centre Tuni,283772,"D.No: 6-7-1/2, Balaji Nagar,Ward No 13,, Tuni, Kakinada, Andhra Pradesh","Phone: 9849993672 ,Fax: 0, Email: motherbloodcentre@gmail.com",Private,,B+Ve : 0,2026-08-24 09:25:12,Blood Bank
2026-08-24T14:41:11,28,681,13,11,"Akshaya Blood Centre, Kakinada",284212,"6-1-44/1, 2nd floor, polisetty plaza,jawahar street, surya r, Kakinada, Kakinada, Andhra Pradesh","Phone: 9989789761 ,Fax: -, Email: Akshayabloodcenterkkd@gmail.com",Charitable/Vol,,B+Ve : 0,2026-08-24 11:31:32,Blood Bank
2026-08-24T14:41:11,28,681,13,11,Bsu Chc Tallarevu,284585,"Tallarevu, , Tallarevu, Kakinada, Andhra Pradesh",-,Govt.,,B+Ve : 0,2026-08-24 07:01:22,BSU
2026-08-24T14:41:11,28,681,13,11,Bsu Chc Peddapuram,284584,"Peddapuram, , Peddapuram, Kakinada, Andhra Pradesh",-,Govt.,,B+Ve : 0,2026-08-24 09:04:04,BSU
2026-08-24T14:41:11,28,681,13,11,Sri Yuvasena Blood Center,284023,"28-7-38,1st  2nd floor,Opp:  Venus Medical stories,Main Road, kakinada, Kakinada, Kakinada, Andhra Pradesh","Phone: 9700937840 ,Fax: 1234567890, Email: sriyuvasenabloodcenter@gmail.com",Charitable/Vol,B+Ve : 3,,2026-08-24 09:51:24,Blood Bank
2026-08-24T14:41:11,28,681,13,11,Area Hospital Blood Bank Tuni,2848,"Govt Area Hospital Blood Bank, Tuni, Tuni, Kakinada, Andhra Pradesh","Phone: 8374529051 ,Fax: 0, Email: tunibloodbank@yahoo.com",Govt.,B+Ve : 16,,2026-08-24 09:23:31,Blood Bank
2026-08-24T14:41:11,28,681,13,11,Sri Abhaya Blood Center,284097,"Dno:2-34-11/3,near saibaba temple,perrajupeta,anand theater , Kakinada, Kakinada, Andhra Pradesh","Phone: 9703449107 ,Fax: -, Email: sriabhayabloodcenter@gmail.com",Private,B+Ve : 2,,2026-08-24 09:24:09,Blood Bank
2026-08-24T14:41:12,28,547,13,11,Ms Blood Storage Centre  Area  Hospital  Anaparthy,285333,"H No 6 230 4 2nd Floor Janmabhoomi Road, Tiruvuru  NTR District Andhra pradesh, Tiruvuru, Krishna, Andhra Pradesh","Phone: 9985007304 ,Fax: 0, Email: doctorsbloodcenter9tiruvuru@gmail.com",Private,,B+Ve : 0,2026-08-24 12:24:31,BSU
2026-08-24T14:41:12,28,547,13,11,Gudivada Blood Centre,285334,"15 104 1st FloorAnjaneyapeta Revenue Ward No 15, Gudivada Krishna District  521301Andhra Pradesh India, Gudivada, Krishna, Andhra Pradesh","Phone: 7306941234 ,Fax: 0, Email: gudivadabloodcenter@gmail.com",Charitable/Vol,,B+Ve : 0,2026-08-24 12:44:01,Blood Bank
2026-08-24T14:41:12,28,547,13,11,Dr.pattabhi Red Cross Blood Bank,28129,"Opp.S.P Bunglaw,Paraspet,Kennedy Road, Machilipatnam, Krishna, Andhra Pradesh","Phone: 8019905940 ,Fax: -, Email: drprcbloodbankmtm@gmail.com",Red Cross ,,B+Ve : 0,2026-08-24 09:04:04,Blood Bank
2026-08-24T14:41:12,28,547,13,11,Nagarjuna Hospital Blood Centre,2891,"Ground Floor, D.No.8-102,Kanuru,Vijayawada,Andhra Pradesh., Ground Floor, D.No.8-102,Kanuru,Vijayawada,Andhra Pradesh., Vijayawada, Krishna, Andhra Pradesh","Phone: 8790069797 ,Fax: -, Email: nhbloodbank@yahoo.com",Private,,B+Ve : 0,2026-08-24 09:51:49,Blood Bank
2026-08-24T14:41:12,28,547,13,11,"Govt. Area Hopital, Blood Bank, Gudivada, Krishna DT",28127,"Area Hospital,Room No 25, 2nd Floor ,opp. Head Post Office, Railway station road, Gudivada , Gudivada, Krishna, Andhra Pradesh","Phone: 8639834397 ,Fax: 0, Email: areahospital.gudivada@gmail.com",Govt.,B+Ve : 5,,2026-08-24 08:22:18,Blood Bank
2026-08-24T14:41:12,28,547,13,11,"Kamineni Health Care Pvt Ltd.Blood Bank,Vijayawada",28128,"100 ft Road,New Auto Nagar, Poranki Rural, Vijayawada, Vijayawada, Krishna, Andhra Pradesh","Phone: 8333993002 ,Fax: 1234567890, Email: bloodbank.vja@kaminenihospitals.com",Private,,B+Ve : 0,2026-08-24 08:04:18,Blood Bank
2026-08-24T14:41:12,28,547,13,11,Bsu Chc Avanigadda,282819,"The  Community Health Centre at Area Hospital, AVVANIGADDA,Krishna Dist, , Avvanigadda, Krishna, Andhra Pradesh",-,Govt.,B+Ve : 1,,2026-08-24 09:34:38,BSU
2026-08-24T14:41:12,28,547,13,11,Bsu Chc Kankipadu,280936,"Kankipadu, , KANKIPADU, Krishna, Andhra Pradesh",-,Govt.,,B+Ve : 0,2026-08-24 09:45:39,BSU
2026-08-24T14:41:12,28,547,13,11,Dr. Pinnamaneni Siddhartha Institute of Medical Sciences & Research Foundation,28130,"Chinoutpalli, Gannavaram, Krishna, Krishna, Andhra Pradesh","Phone: 9440031206 ,Fax: -, Email: bb.drpsims@gmail.com",Private,,B+Ve : 0,2026-08-24 07:20:29,Blood Bank
2026-08-24T14:41:12,28,547,13,11,Bsu Chc Challapalli,284758,"Challapalli, , Gudivada, Krishna, Andhra Pradesh",-,Govt.,B+Ve : 1,,2026-08-24 07:02:24,BSU
2026-08-24T14:41:12,28,547,13,11,A.P. Voluntary Blood Centre,284964,"11/136, 2nd floor, GVR Central Commericial Complex, Gudivada, Krishna, Andhra Pradesh","Phone: 9985983983 ,Fax: -, Email: apvbcgudivada@gmail.com",Charitable/Vol,B +ve : 1,,2026-08-19 10:06:48,Blood Bank
2026-08-24T14:41:12,28,547,13,11,Vijaya Blood Centre Machilipatnam,284587,"D.No 11/689, 1st floor, , Meenakshmi complex, 5 roads centre, jagannadapuram , Machili, Machilipatnam, Krishna, Andhra Pradesh","Phone: 7799557009 ,Fax: -, Email: vijayabloodcentremtm@gmail.com",Charitable/Vol,B+Ve : 12,,2026-08-24 08:19:04,Blood Bank
2026-08-24T14:41:12,28,547,13,11,Aruna Blood Bank,283485,"Sbi bazar branch building, 2nd floor Ramanaidupeta machilipatnam , Machilipatnam, Krishna, Andhra Pradesh","Phone: 9989715552 ,Fax: -, Email: Rajkumar.rayana@gmail.com",Charitable/Vol,,B+Ve : 0,2026-06-30 12:19:55,Blood Bank
2026-08-24T14:41:12,28,547,13,11,Government General Hospital Blood Centre Machilipatnam,2828,"Machilipatnam, Krishna, Andhra Pradesh, Machilipatnam, Krishna, Andhra Pradesh","Phone: 9396718080 ,Fax: -, Email: dhmtmbb@gmail.com",Govt.,B+Ve : 6,,2026-08-24 10:17:09,Blood Bank
2026-08-24T14:41:12,28,547,13,11,Pradha Blood Centre,284373,"8-334/1, 2nd floor, MKR enclave, kamayyathopu, pantakaluva r, YSR tadigadapa Municipality, Penamaluru mandal, Krishna dist, Vijayawada, Krishna, Andhra Pradesh","Phone: 9885832200 ,Fax: 1234567890, Email: pradhabloodcentre@gmail.com",Charitable/Vol,,B+Ve : 0,2026-08-24 07:00:33,Blood Bank
2026-08-24T14:41:12,28,552,13,11,BSU CHC Veldurthy,285314,"Veldurthy, , Veldurthy, Kurnool, Andhra Pradesh",-,Govt.,,B+Ve : 0,2026-08-24 08:13:46,BSU
2026-08-24T14:41:12,28,552,13,11,Government General Hospital Blood Centre Adoni,280916,"near gosha hospital road, Adoni, Kurnool district, Adoni, Kurnool, Andhra Pradesh","Phone: 9966429226 ,Fax: -, Email: adnmsgovt.hospital@gmail.com",Govt.,B+Ve : 7,,2026-08-24 10:16:45,Blood Bank
2026-08-24T14:41:12,28,552,13,11,Bsu Ah Yemmiganuru,281506,"Yemmiiganur, , YEMMIGANURU, Kurnool, Andhra Pradesh",-,Govt.,,B+Ve : 0,2026-08-24 09:09:26,BSU
2026-08-24T14:41:12,28,552,13,11,GOVT GENERAL HOSPITAL BLOOD BANK KURNOOL,28133,"1ST Floor Govt General Hospital, Kurnool, Kurnool, Andhra Pradesh","Phone: 9885109912 ,Fax:  , Email: knlgghbloodbank@gmail.com",Govt.,B+Ve : 35,,2026-08-24 10:03:06,Blood Bank
2026-08-24T14:41:12,28,552,13,11,Bsu Chc Pattikonda,281502,"Pathikonda, , PATTIKONDA, Kurnool, Andhra Pradesh",-,Govt.,B+Ve : 1,,2026-08-24 08:05:06,BSU
2026-08-24T14:41:12,28,552,13,11,Gopi Charitable Blood Centre,283845,"21/134-15,SKD COLONY 1ST ROAD ,REVENUE WARD NO 21 BESIDE DR., ADONI, Kurnool, Andhra Pradesh","Phone: 9448068318 ,Fax: 0, Email: gopicbc.adoni@gmail.com",Charitable/Vol,,B+Ve : 0,2026-06-27 11:22:25,Blood Bank
2026-08-24T14:41:12,28,552,13,11,Akshaya Blood Centre Kurnool,283954,"#46/87-1 to 5,3rd Floor ,Hotel Sasya Complex ,budhawarpet, kurnool, Kurnool, Kurnool, Andhra Pradesh","Phone: 9494444180 ,Fax: 1234567890, Email: akshayabloodbank81@gmail.com",Private,,B+Ve : 0,2026-08-24 10:01:33,Blood Bank
2026-08-24T14:41:12,28,552,13,11,Indian Red Cross Society Blood Bank Kurnool,28136,"IRCS Blood Bank,opposite to Ravi theater, DMHO compound, Kurnool., Kurnool, Kurnool, Andhra Pradesh","Phone: 9440211777 ,Fax: 0, Email: ircsbloodbankknl@gmail.com",Red Cross ,B+Ve : 109,,2026-08-24 12:52:35,Blood Bank
2026-08-24T14:41:12,28,552,13,11,New Life Blood Centre Kurnool,282656,"P.no.104&105, 3rd floor,KLR Buildings,Gayathri Estate,Kurnoo, Kurnool, Kurnool, Andhra Pradesh","Phone: 9985118535 ,Fax: -, Email: newlifebloodbankkurnool@gmail.com",Private,B+Ve : 1,,2026-08-24 11:00:19,Blood Bank
2026-08-24T14:41:12,28,552,13,11,Medipulse Blood Centre Kurnool,284315,"D.no.76/2-3-A, 2nd Floor, Arshad Arcade, Revenue ward no 76,, Kurnool, Kurnool, Andhra Pradesh","Phone: 8328255632 ,Fax: -, Email: medipulsebloodcentre@gmail.com",Private,,B+Ve : 0,2026-08-24 09:20:54,Blood Bank
2026-08-24T14:41:12,28,552,13,11,Mahatma Gandhi Blood Centre,284457,"Yemmiganur, Yemmiganur, Kurnool, Andhra Pradesh","Phone: 9392975996 ,Fax: -, Email: mahatmagandhibloodcentreygr@gmail.com",Charitable/Vol,,B+Ve : 0,2026-08-24 09:13:44,Blood Bank
2026-08-24T14:41:12,28,552,13,11,Adp Voluntary Blood Centre,283379,"D.no.19/417/19/417-1,2nd floor,Balajis Complex,Opp.Municipal, Kurnool, Kurnool, Andhra Pradesh","Phone: 9550939235 ,Fax: -, Email: adpbloodcentre@gmail.com",Charitable/Vol,,B+Ve : 0,2026-08-24 13:02:22,Blood Bank
2026-08-24T14:41:12,28,552,13,11,Kurnool Blood Centre,284214,"43/101,4th floor,opp municipal office,Apooorva plza,kurnool, Kurnool, Kurnool, Andhra Pradesh","Phone: 7337225255 ,Fax: 0, Email: kurnoolbloodbank@gmail.com",Charitable/Vol,B+Ve : 6,,2026-08-24 09:05:13,Blood Bank
2026-08-24T14:41:12,28,552,13,11,Bsu Mch Adoni,284675,"Adoni, , Adoni, Kurnool, Andhra Pradesh",-,Govt.,B+Ve : 4,,2026-08-24 07:52:29,BSU
2026-08-24T14:41:12,28,552,13,11,Bsu Chc Alur,281486,"Alur, ,  ALUR, Kurnool, Andhra Pradesh",-,Govt.,B+Ve : 1,,2026-08-24 08:47:58,BSU
2026-08-24T14:41:12,28,552,13,11,Care Blood Centre,283520,"D.No: 40-318, 2nd floor,Nalanda complex,  opp RTC depot, Raj, Kurnool, Kurnool, Andhra Pradesh","Phone: 7893975602 ,Fax: -, Email: carebloodcentre@gmail.com",Private,,B+Ve : 0,2026-08-24 12:34:48,Blood Bank
2026-08-24T14:41:12,28,552,13,11,Bsu Chc Orvakal,284674,"Orvakal, , Orvakal, Kurnool, Andhra Pradesh",-,Govt.,,B+Ve : 0,2026-08-24 09:14:46,BSU
2026-08-24T14:41:12,28,552,13,11,Viswa Bharathi Super Speciality Hospital Blood Centre,2938,"50/760-A-127-13, 1st Floor, (O.P. Block), Gayathri Estates, Kurnool, Kurnool, Andhra Pradesh","Phone: 7989454448 ,Fax: 1234567890, Email: vbsshknl99@gmail.com",Private,B+Ve : 16,,2026-08-24 09:26:52,Blood Bank
2026-08-24T14:41:12,28,552,13,11,Viswa Bharathi General Hospital Blood Centre,2937,"R.T. Nagar, Near Penchikalapadu (V), Kallur (M), Kurnool, Kurnool, Andhra Pradesh","Phone: 7013756772 ,Fax: -, Email: vbghbbknl@gmail.com",Private,B+Ve : 6,,2026-08-24 08:03:38,Blood Bank
2026-08-24T14:41:12,28,552,13,11,Rr Blood Centre,2903,"D NO 30-304-10 2ND FLOOR RR HOSPITAL, BHAGYA NAGAR KURNOOL, Kurnool, Kurnool, Andhra Pradesh","Phone: 9966662331 ,Fax: -, Email: rrbloodbank@yahoo.in",Private,,B+Ve : 0,2026-08-24 06:43:36,Blood Bank
2026-08-24T14:41:12,28,552,13,11,Bsu Chc Kodumuru,281493,"Kodumuru, , KODUMUR, Kurnool, Andhra Pradesh",-,Govt.,,B+Ve : 0,2026-08-24 09:29:54,BSU
2026-08-24T14:41:12,28,552,13,11,Bsu Chc Owk,284680,"Owk, , Owk, Kurnool, Andhra Pradesh",-,Govt.,,B+Ve : 0,2026-08-24 10:38:50,BSU
2026-08-24T14:41:12,28,536,13,11,Mana Aapadbandhu Blood Centre,284879,"First floor, ward number 10, yerragondapalem road, markapura, Markapuram, Markapuram, Andhra Pradesh","Phone: 7995186708 ,Fax: -, Email: manaaapadbandhubloodcentre@gmail.com",Charitable/Vol,B+Ve : 6,,2026-08-24 09:55:04,Blood Bank
2026-08-24T14:41:12,28,536,13,11,"Blood Storage Unit,Community Health Centre Cumbum",285322," Ravipadu Road,Cumbum, Cumbum, Markapuram, Andhra Pradesh","Phone: 9000312360 ,Fax: 0, Email:  mocumbum1991@yahoo.com",Govt.,,B+Ve : 0,2026-08-22 11:43:15,BSU
2026-08-24T14:41:12,28,536,13,11,Government General Hospital Blood Centre Markapuram,2858,"NEAR GUNDLAKAMMA BRIDGE, CUMBUM ROAD, Markapur, Markapuram, Andhra Pradesh","Phone: 8074858998 ,Fax: -, Email: bloodbankmarkapur@gmail.com",Govt.,B+Ve : 20,,2026-08-24 09:29:45,Blood Bank
2026-08-24T14:41:12,28,755,13,11,Vijaya Blood Centre Nandyal,282636,"25/570, 2ND FLOOR,, VIJAYA HOSPITAL, SRINIVASA NAGAR,NANDYAL, Nandyal, Nandyal, Andhra Pradesh","Phone: 9491247878 ,Fax: -, Email: Vijayabloodbank786@gmail.com",Private,B+Ve : 5,,2026-08-24 09:32:47,Blood Bank
2026-08-24T14:41:12,28,755,13,11,Government General Hospital Blood Centre Nandyal,2841,"First Floor, Government General Hospital Premises, Nandyal, Nandyal, Andhra Pradesh","Phone: 9985240946 ,Fax: -, Email: bbdhnandyal@gmail.com",Govt.,B +ve : 3,,2026-08-21 09:30:47,Blood Bank
2026-08-24T14:41:12,28,755,13,11,Bsu Chc Velgode,284679,"Velgodu, , Velgode, Nandyal, Andhra Pradesh",-,Govt.,,B+Ve : 0,2026-06-06 12:27:11,BSU
2026-08-24T14:41:12,28,755,13,11,Bsu Chc Koilakuntla,281344,"Koilakuntala, , KOILKUNTLA, Nandyal, Andhra Pradesh",-,Govt.,B+Ve : 2,,2026-08-24 08:16:22,BSU
2026-08-24T14:41:12,28,755,13,11,Bsu Chc Panyam,284678,"Panyam, , Panyam, Nandyal, Andhra Pradesh",-,Govt.,,B+Ve : 0,2026-08-24 09:06:19,BSU
2026-08-24T14:41:12,28,755,13,11,Bsu Chc Midtur,284677,"Midtur, , Midtur, Nandyal, Andhra Pradesh",-,Govt.,,B+Ve : 0,2026-08-20 09:12:30,BSU
2026-08-24T14:41:12,28,755,13,11,Bsu Chc Allagadda,281477,"Allagadda, , ALLAGADDA, Nandyal, Andhra Pradesh",-,Govt.,,B+Ve : 0,2026-08-24 11:21:00,BSU
2026-08-24T14:41:12,28,755,13,11,Bsu Chc Nandikodkur,281496,"Nandikodkur, , NANDIKOTKUR, Nandyal, Andhra Pradesh",-,Govt.,B+Ve : 1,,2026-08-24 09:11:31,BSU
2026-08-24T14:41:12,28,755,13,11,Bsu Ah Banaganapalli,281474,"Banaganapalli, , BANAGANAPALLI, Nandyal, Andhra Pradesh",-,Govt.,B+Ve : 1,,2026-08-24 09:56:28,BSU
2026-08-24T14:41:12,28,755,13,11,Bsu Chc Sunnipeta,284676,"Sunnipeta, , Sunnipeta, Nandyal, Andhra Pradesh",-,Govt.,,B+Ve : 0,2026-08-24 10:18:20,BSU
2026-08-24T14:41:12,28,755,13,11,Bsu Ah Dhone,281462,"Dhone, , Dhone, Nandyal, Andhra Pradesh",-,Govt.,B+Ve : 3,,2026-08-24 09:14:43,BSU
2026-08-24T14:41:12,28,755,13,11,Nandyal Blood Centre,284011,"D.no.21-125/A1-1,2nd Floor,Frontside,Beside Sri Sai Multispe, Nandyal, Nandyal, Andhra Pradesh","Phone: 7386477466 ,Fax: -, Email: nandyalbloodcentre@gmail.com",Charitable/Vol,B+Ve : 5,,2026-08-24 08:22:20,Blood Bank
2026-08-24T14:41:12,28,755,13,11,Bsu Chc Atmakur,281471,"atmakuru , , ATMAKUR, Nandyal, Andhra Pradesh",-,Govt.,B+Ve : 1,,2026-08-24 09:18:56,BSU
2026-08-24T14:41:12,28,755,13,11,Santhiram Medical College And General Hospital Blood Centre,2913,"SHAFA Educational Society, NH-18, NANDYAL, Nandhyal, Nandyal, Andhra Pradesh","Phone: 9885043405 ,Fax: -, Email: srmcbloodbank@gmail.com",Private,,B+Ve : 0,2026-08-24 09:31:29,Blood Bank
2026-08-24T14:41:12,28,755,13,11,Udayananda Hospital Blood Centre,284020,"Dno: 30-410 TO 426,Ground Floor, Vivekananda Street, Opp Nan, Nandyal, Nandyal, Andhra Pradesh","Phone: 8309019704, 9030465266 ,Fax: -, Email: udayananda.bloodcenter@gmail.com",Private,,B+Ve : 0,2026-08-24 09:47:04,Blood Bank
2026-08-24T14:41:12,28,749,13,11,Indian Red Cross Society Blood Centre Vijayawada,2909,"Door No.26-5-5, G.S. Raju Street, Gandhi Nagar, Vijayawada,A, Vijayawada, NTR, Andhra Pradesh","Phone: 8977008540 ,Fax: -, Email: redcrosskrishna@gmail.com",Red Cross ,B+Ve : 2,,2026-08-24 07:24:05,Blood Bank
2026-08-24T14:41:12,28,749,13,11,Bsu Ah Nandigama,280938,"GOVT HOSPITAL , NANDIGAMA N.T.R DT, NANDIGAM, NTR, Andhra Pradesh",-,Govt.,B+Ve : 2,,2026-08-24 09:49:48,BSU
2026-08-24T14:41:12,28,749,13,11,LIONS DISTRICT 316D BLOOD BANK,28132,"FIRST FLOOR,CSI CDA COMPLEX,PRAKASAM ROAD,SURYARAOPET,, Vijayawada, NTR, Andhra Pradesh","Phone: 0866-2573388 ,Fax: -, Email: lionsbloodbank@yahoo.com",Charitable/Vol,B+Ve : 2,,2026-08-24 09:01:21,Blood Bank
2026-08-24T14:41:12,28,749,13,11,Aayush Hospitals Blood Bank,283968,"D.NO.48-13-3,3A,Ring Road, Sri Ramachandra Nagar,Vjayawada, Vijayawada, NTR, Andhra Pradesh","Phone: 8498061158 ,Fax: -, Email: padma.parvataneni@gmail.com",Private,,B+Ve : 0,2026-08-24 05:58:36,Blood Bank
2026-08-24T14:41:12,28,749,13,11,SURAKSHA VOLUNTARY BLOOD CENTRE,28131,"CHILUKU DURGAIAH STREET, SURYARAOPET, Vijayawada, NTR, Andhra Pradesh","Phone: 8008983492 ,Fax: 0, Email: surakshabloodbank@gmail.com",Charitable/Vol,,B+Ve : 0,2026-08-24 09:33:00,Blood Bank
2026-08-24T14:41:12,28,749,13,11,Doctors Blood Bank,283963,"29-4-54k,CSIcomplex, Nakkala Road, Suryaraopeta, Vijayawada, Vijayawada, NTR, Andhra Pradesh","Phone: 9246499499 ,Fax: 1234567890, Email: doctorsbloodbankvja@gmail.com",Private,,B+Ve : 0,2026-08-24 10:02:38,Blood Bank
2026-08-24T14:41:12,28,749,13,11,American Cancer Care Blood Centre,284336,"d.no:29-13-41/1,near pushpa hotel bus stop,Kaleswara Rao Roa, Vijayawada, NTR, Andhra Pradesh","Phone: 8003104108 ,Fax: -, Email: acc.bloodbank2023@gmail.com",Private,,B+Ve : 0,2026-08-24 06:32:01,Blood Bank
2026-08-24T14:41:12,28,749,13,11,Andhra Hospital Blood Bank,283962,"#16-72/1, 2nd Floor , Opp High School ,Gollapudi, Vijayawada, NTR, Andhra Pradesh","Phone: 9989557555 ,Fax: -, Email: andhrahospitalsbvpm@hotmail.com",Private,B+Ve : 3,,2026-08-24 08:34:54,Blood Bank
2026-08-24T14:41:12,28,749,13,11,Rainbow Blood Centre Vijayawada,283863,"D.No 33-53-33/2, 2ND FLOOR, NEAR SUNRISE HOSPITAL, PUSHPA HOTEL ROAD, SEETARAMPURAM, VIJAYAWADA, vijayawada, NTR, Andhra Pradesh","Phone: 9885153110 ,Fax: -, Email: Rainbowbloodcentre@gmail.com",Charitable/Vol,,B+Ve : 0,2026-08-24 10:38:10,Blood Bank
2026-08-24T14:41:12,28,749,13,11,Vijayasri Blood Centre Vijayawada,283466,"D/No:29-19-27 opp :andhra bank &HDFC bank ATMS, Dornakal Rd,, Vijayawada, NTR, Andhra Pradesh","Phone: 9392120187 ,Fax: -, Email: vijayasribloodbankvja@gmail.com",Charitable/Vol,B+Ve : 1,,2026-08-24 09:04:00,Blood Bank
2026-08-24T14:41:12,28,749,13,11,Anu Blood Center,284213,"D.NO-161/2B & 161/2C,B1,NEAR D MART, ENIKAPADU VIJAYAWADA, Vijayawada, NTR, Andhra Pradesh","Phone: 8121553344 ,Fax: -, Email: anubloodcentres@gmail.com",Private,,B+Ve : 0,2026-08-24 13:36:31,Blood Bank
2026-08-24T14:41:12,28,749,13,11,Bsu Chc Mylavaram,284673,"Mylavaram, , Mylavaram, NTR, Andhra Pradesh",-,Govt.,B+Ve : 1,,2026-08-24 09:58:54,BSU
2026-08-24T14:41:12,28,749,13,11,Bsu Chc Visannapeta,284694,"Visannapeta, , Visannapeta, NTR, Andhra Pradesh",-,Govt.,B+Ve : 1,,2026-08-24 09:07:04,BSU
2026-08-24T14:41:12,28,749,13,11,Life Share Blood Centre Vijayawada,283484,"40- Sudarshan complex above Tanishq show room m.g road vijay, Vijaywada, NTR, Andhra Pradesh","Phone: 8892156789 ,Fax: -, Email: Lifesharedoctor66@gmail.com",Private,,B+Ve : 0,2026-08-24 13:05:01,Blood Bank
2026-08-24T14:41:12,28,749,13,11,Bsu Andhra Hospital,284692,"Governerpeta, , Governerpeta, NTR, Andhra Pradesh",-,Private,,B+Ve : 0,2026-08-24 08:38:31,BSU
2026-08-24T14:41:12,28,749,13,11,Chaitanya Blood Centre Vijayawada,2825,"D.No.40-9/1-26, Vasavya Complex, 1st floor, Vasavya Nagar, , Vijayawada, NTR, Andhra Pradesh","Phone: 9246289777 ,Fax: -, Email: -",Private,B+Ve : 2,,2026-08-24 10:18:11,Blood Bank
2026-08-24T14:41:12,28,749,13,11,Smile Blood Centre,285308,"Vijayawada, Vijayawada, NTR, Andhra Pradesh","Phone: 9963799994 ,Fax: 1234567890, Email: Smilebloodcentre@gmail.com",Charitable/Vol,,B+Ve : 0,2026-08-24 09:37:46,Blood Bank
2026-08-24T14:41:12,28,749,13,11,New City Blood Centre,282628,"M/s. New City  Blood Bank (A Unit of Rural and Urban Develop, Vijayawada, NTR, Andhra Pradesh","Phone: 9963799994 ,Fax: -, Email: ncbbvijayawada@gmail.com",Charitable/Vol,,B+Ve : 0,2026-08-24 10:54:35,Blood Bank
2026-08-24T14:41:12,28,749,13,11,Ramesh Hospital Blood Center Vijayawada,283516,"Ward 33D, Ground floor, Ring Road, ITI Bus stop, , Vijayawada, NTR, Andhra Pradesh","Phone: 9640123234 ,Fax: 1234567890, Email: bloodcenter.vja@rameshhospitals.com",Private,B+Ve : 12,,2026-08-24 07:55:17,Blood Bank
2026-08-24T14:41:12,28,749,13,11,Bsu Chc Jaggaiahpet,281338,"Jaggaiahpet, , JAGGAIAHPET, NTR, Andhra Pradesh",-,Govt.,B+Ve : 1,,2026-08-22 09:17:34,BSU
2026-08-24T14:41:12,28,749,13,11,Government General Hospital Blood bank Vijayawada,28126,"SMC Campus, Ringroad, Gunadala, Vijayawada, Vijayawada, NTR, Andhra Pradesh","Phone: 9441031069 ,Fax: 0, Email: gghbbvij@gmail.com",Govt.,B+Ve : 21,,2026-08-24 09:43:21,Blood Bank
2026-08-24T14:41:12,28,749,13,11,Bsu Oggh Vijayawada,281336,"Vijayawada, , VIJAYAWADA, NTR, Andhra Pradesh",-,Govt.,B+Ve : 1,,2026-08-24 10:00:56,BSU
2026-08-24T14:41:12,28,749,13,11,"Nimra Institute Of Medical Sciences (Nims), Teaching Hospital And Research Centre",2894,"4-90, Nimra Nagar, Jupudi, Ibrahimpatnam, Vijayawada, NTR, Andhra Pradesh","Phone: 8328699367 ,Fax: 1234567890, Email: nimrabloodbank@gmail.com",Private,,B+Ve : 0,2026-08-24 10:05:43,Blood Bank
2026-08-24T14:41:12,28,749,13,11,ST.ANNS HOSPITAL BLOOD BANK ,28124,"ST.ANNS HOSPITAL BLOOD BANK 1st FLOOR, OPPOSITE TO PWD GROUND / PUNNAMATHOTTA , Vijayawada, NTR, Andhra Pradesh","Phone: 9849668937  ,Fax: -, Email: annshospitall@gmail.com",Charitable/Vol,B+Ve : 1,,2026-08-24 09:00:35,Blood Bank
2026-08-24T14:41:12,28,749,13,11,Bsu Chc Tiruvuru,281332,"Tiruvuru, , TIRUVURU, NTR, Andhra Pradesh",-,Govt.,B+Ve : 2,,2026-08-24 07:22:27,BSU
2026-08-24T14:41:12,28,749,13,11,Bsu Chc Shaik Raja,285097,"Vijayawada, , Vijayawada, NTR, Andhra Pradesh",-,Govt.,,B+Ve : 0,2026-08-24 09:19:54,BSU
2026-08-24T14:41:13,28,751,13,11,Bsu Ah Chilakaluripeta,280934,"Chilakaluripeta, , CHILAKALURIPET, Palnadu, Andhra Pradesh",-,Govt.,B+Ve : 2,,2026-08-24 09:38:18,BSU
2026-08-24T14:41:13,28,751,13,11,Palnadu Blood Centre,282624,"16-1-70, 1st Floor, Opp. Mahatma gandhi hospital,, Narasaraopet, Palnadu, Andhra Pradesh","Phone: 8074115777 ,Fax: -, Email: palnadubloodbank@gmail.com",Charitable/Vol,,B+Ve : 0,2026-08-24 06:32:39,Blood Bank
2026-08-24T14:41:13,28,751,13,11,Bsu Chc Vinukonda,280931,"Vinukonda, , VINUKONDA, Palnadu, Andhra Pradesh",-,Govt.,B+Ve : 1,,2026-08-24 09:01:32,BSU
2026-08-24T14:41:13,28,751,13,11,Satya Blood Centre,284559,"D.No 8-6-64/1, 1st floor, Chinna Masid center , Sattenapalli, Sattenapalli, Palnadu, Andhra Pradesh","Phone: 7981420025 ,Fax: 1234567890, Email: Satyabloodcenter2022@gmail.com",Charitable/Vol,B+Ve : 1,,2026-08-24 09:20:40,Blood Bank
2026-08-24T14:41:13,28,751,13,11,Indian Red Cross Society Blood Centre Narasaraopeta,284734,"New GGH, Lingamaguntla, Narasarao peta, Palnadu, Narasaraopeta, Palnadu, Andhra Pradesh","Phone: 9100078576 ,Fax: -, Email: redcrosspalnadu@gmail.com",Red Cross ,,B+Ve : 0,2026-08-24 12:00:02,Blood Bank
2026-08-24T14:41:13,28,751,13,11,"Vijaya Blood Centre, Piduguralla",284217,"DR NO 16-766/4,2nd FLOOR,GUNTUR ROAD,OPP-HP PETROL BUNK,PIDU, Piduguralla, Palnadu, Andhra Pradesh","Phone: 9177047713 ,Fax: -, Email: PIDUGURALLA.VIJAYABLOODCENTRE@GMAIL.COM",Charitable/Vol,B+Ve : 1,,2026-08-24 12:43:09,Blood Bank
2026-08-24T14:41:13,28,751,13,11,Bsu Chc Macherla,281322,"Macherla, , MACHERLA, Palnadu, Andhra Pradesh",-,Govt.,B+Ve : 2,,2026-08-24 10:10:42,BSU
2026-08-24T14:41:13,28,751,13,11,"Vijaya Blood Centre, Narasaraopet",284216,"9-10-5, 1ST FLOOR, Karur Vysya bank Building Arundalpet, Nar, Narasaraopet, Palnadu, Andhra Pradesh","Phone: 9177047713 ,Fax: -, Email: vijayabloodcentre@gmail.com",Charitable/Vol,,B+Ve : 0,2026-08-24 12:33:07,Blood Bank
2026-08-24T14:41:13,28,751,13,11,Bsu Ah Sattenapalli,281323,"Sattenapalli, , SATTENAPALLI, Palnadu, Andhra Pradesh",-,Govt.,,B+Ve : 0,2026-08-24 07:05:05,BSU
2026-08-24T14:41:13,28,751,13,11,Aapadbandhu Blood Bank Vinukonda,284215,"D.NO.27-172. 1st floor, Lawyer street, Kothapet, Vinukonda, , Vinukonda, Palnadu, Andhra Pradesh","Phone: 8309929900 ,Fax: 1234567890, Email: Aapadbadhubbvnk@gmail.com",Charitable/Vol,B+Ve : 7,,2026-08-24 07:58:23,Blood Bank
2026-08-24T14:41:13,28,751,13,11,Bsu Chc Pedakurapadu,284697,"Pedakurapadu, , Pedakurapadu, Palnadu, Andhra Pradesh",-,Govt.,,B+Ve : 0,2026-08-24 09:52:24,BSU
2026-08-24T14:41:13,28,751,13,11,Cpt Blood Centre,283783,"D.no.06-351/1,1St floor modern complex, CN road, chilkalurip, Palnadu, Andhra Pradesh","Phone: 9132389389 ,Fax: -, Email: cptbloodcentre@gmail.com",Private,,B+Ve : 0,2026-08-24 08:21:23,Blood Bank
2026-08-24T14:41:13,28,751,13,11,Bsu Chc Gurazala,284595,"Gurazala, , Gurazala, Palnadu, Andhra Pradesh",-,Govt.,B+Ve : 1,,2026-08-24 09:18:17,BSU
2026-08-24T14:41:13,28,751,13,11,Area Hospital Blood Centre Narasaraopeta,2859,"Area Hospital Premises, First Floor, Palnadu Road, NARASARAOPET, Narasaraopet-1, Palnadu, Andhra Pradesh","Phone: 7993895983 ,Fax: -, Email: nrtbloodbankircs@gmail.com",Govt.,B+Ve : 11,,2026-08-24 09:20:09,Blood Bank
2026-08-24T14:41:13,28,751,13,11,Bsu Chc Amaravathi,284593,"Amaravathi, , Amaravathi, Palnadu, Andhra Pradesh",-,Govt.,,B+Ve : 0,2026-08-24 08:50:00,BSU
2026-08-24T14:41:13,28,743,13,11,Area Hospital Blood Centre Palakonda,281537,"Room no 42, 1st floor, Area Hospital, Palakonda, PALAKONDA, Parvathipuram Manyam, Andhra Pradesh","Phone: 9848277311 ,Fax: -, Email: bloodcentreahpalakonda@gmail.com",Govt.,B+Ve : 2,,2026-08-24 09:18:50,Blood Bank
2026-08-24T14:41:13,28,743,13,11,Bsu Chc Kurupam,281745,"Kurupam, , KURUPAM, Parvathipuram Manyam, Andhra Pradesh",-,Govt.,B+Ve : 1,,2026-08-24 09:28:01,BSU
2026-08-24T14:41:13,28,743,13,11,Bsu Chc Chinnemergani,284698,"Chinnamegani, , Chinnemergani, Parvathipuram Manyam, Andhra Pradesh",-,Govt.,,B+Ve : 0,2026-08-22 12:48:55,BSU
2026-08-24T14:41:13,28,743,13,11,Bsu Ah Seethampeta ,284577,"Seethampeta, , Seethampeta, Parvathipuram Manyam, Andhra Pradesh",-,Govt.,,B+Ve : 0,2026-08-24 09:36:41,BSU
2026-08-24T14:41:13,28,743,13,11,District Hospital Blood Center Parvathipuram Manyam,2869,"Blood Bank, Area Hospital, Parvathipuram, District hospital,ROOM NO 33 ,1st floor, parvathipurammanyam, Parvathipuram manyam, Parvathipuram Manyam, Andhra Pradesh","Phone: 9848418400 ,Fax: -, Email: bloodcentre.dhpvp@gmail.com",Govt.,B+Ve : 5,,2026-08-24 12:17:58,Blood Bank
2026-08-24T14:41:13,28,743,13,11,Bsu Ah Saluru,281738,"Saluru, , SALURU, Parvathipuram Manyam, Andhra Pradesh",-,Govt.,B+Ve : 2,,2026-08-24 08:39:16,BSU
2026-08-24T14:41:13,28,532,13,11,Bsu Chc Yarlagadda Ramavaram,284588,"CHC Y.Ramavaram, BESIDE POLICE STATION, Y Ramavaram, Polavaram, Andhra Pradesh",-,Govt.,,B+Ve : 0,2026-08-24 09:33:12,BSU
2026-08-24T14:41:13,28,532,13,11,Bsu Chc Addatheegala,281320,"Addatheegala, , ADDATHEEGALA, Polavaram, Andhra Pradesh",-,Govt.,,B+Ve : 0,2026-08-24 12:59:24,BSU
2026-08-24T14:41:13,28,532,13,11,Bsu Chc Kunavaram,284664,"Kunavaram, , Kunavaram, Polavaram, Andhra Pradesh",-,Govt.,,B+Ve : 0,2026-08-24 09:40:40,BSU
2026-08-24T14:41:13,28,532,13,11,Area Hospital Blood Centre Rampachodavaram,280901,"Area hospital rampachodavaram, Rampachodavaram, Polavaram, Andhra Pradesh","Phone: 9493052941 ,Fax: -, Email: chc.rampachodavaram@gmail.com",Govt.,B+Ve : 9,,2026-08-24 09:20:25,Blood Bank
2026-08-24T14:41:13,28,549,13,11,Bsu Chc Ulavapadu,284690,"Ulavapadu, , Ulavapadu, Prakasam, Andhra Pradesh",-,Govt.,,B+Ve : 0,2026-08-24 14:11:08,BSU
2026-08-24T14:41:13,28,549,13,11,Community Health Centre Kondepi,285323,"Opp. APS RTC Bus Stand, Madduluru Road, Kondepi, Prakasam, Andhra Pradesh","Phone: 9492123200 ,Fax: 0, Email: apvchckondepi@gmail.com",Govt.,,B+Ve : 0,2026-08-24 12:09:46,BSU
2026-08-24T14:41:13,28,549,13,11,Bsu Chc Addanki,285219,"Addanki, , Addanki, Prakasam, Andhra Pradesh",-,Govt.,,B+Ve : 0,2026-08-24 10:02:19,BSU
2026-08-24T14:41:13,28,549,13,11,Bsu Chc Darsi,281517,"Darsi, , DARASI, Prakasam, Andhra Pradesh",-,Govt.,B+Ve : 1,,2026-08-24 09:07:53,BSU
2026-08-24T14:41:13,28,549,13,11,NAVYA BLOOD BANK Prakasam ,28109,"Venkata Ramana Nursing Home Private Limited, Prakasam, Andhra Pradesh","Phone: 9642558899 ,Fax: -, Email: navyabloodbank.2016@gmail.com",Private,,B+Ve : 0,2026-08-24 09:24:22,Blood Bank
2026-08-24T14:41:13,28,549,13,11,Bsu Ah Giddaluru,281516,"PR COLONY , Giddalur , Giddaluru, Prakasam, Andhra Pradesh",-,Govt.,,B+Ve : 0,2026-08-24 09:22:31,BSU
2026-08-24T14:41:13,28,549,13,11,Area Hospital Blood Centre Kandukur,281524,"1st floor, near NTR statue, pamur road, kandukur, KANDUKURU, Prakasam, Andhra Pradesh","Phone: 9000592604 ,Fax: -, Email: areahospitalbckandukur@gmail.com",Govt.,B+Ve : 1,,2026-08-24 08:57:28,Blood Bank
2026-08-24T14:41:13,28,549,13,11,New Vision Blood Centre,283736,"D.no.37-1-385 canara upstair 1 St floor opposite Nellore bus, Ongole, Prakasam, Andhra Pradesh","Phone: 9989206806 ,Fax: -, Email: newvisionbloodbank@gmail.com",Private,,B+Ve : 0,2026-08-24 10:35:01,Blood Bank
2026-08-24T14:41:13,28,549,13,11,Bsu Ah Yerragondapalem,281536,"Yerragondapalem, , YERRAGONDAPALEM, Prakasam, Andhra Pradesh",-,Govt.,,B+Ve : 0,2026-08-24 11:00:51,BSU
2026-08-24T14:41:13,28,549,13,11,Kims Hospital Blood Centre,280763,"D.NO: 4-120/A, 3 rd FLOOR, NORTH BYPASS ROAD, MUKTHINUTHALAP, ONGOLE, Prakasam, Andhra Pradesh","Phone: 9966615104 ,Fax: 0, Email: kimsbloodbankongole@gmail.com",Private,B+Ve : 2,,2026-08-24 09:36:13,Blood Bank
2026-08-24T14:41:13,28,549,13,11,Vijayasri Blood Centre Ongole,284218,"D.No: 5-302, 1st and 2nd floor, Opp.Sri Madhavi Hospital, Ve, Ongole, Prakasam, Andhra Pradesh","Phone: 9701233199 ,Fax: -, Email: vijayasribloodbankong@gmail.com",Charitable/Vol,,B+Ve : 0,2026-08-24 11:06:21,Blood Bank
2026-08-24T14:41:13,28,549,13,11,Indian Red Cross Society Blood Bank Ongole,28112,"Santhapeta Station Road Ongole, Ongole, Prakasam, Andhra Pradesh","Phone: 7093009699 ,Fax: -, Email: ircsongole@gmail.com",Red Cross ,B+Ve : 1,,2026-08-24 08:15:45,Blood Bank
2026-08-24T14:41:13,28,549,13,11,Bsu Chc Kanigiri,281521,"Kanigiri, , KANIGIRI, Prakasam, Andhra Pradesh",-,Govt.,,B+Ve : 0,2026-08-24 09:08:44,BSU
2026-08-24T14:41:13,28,549,13,11,"Government General Hospital,ongole",28113,"Government General Hospital,Near D Mart ,Ongole ,Prakasam Dist,A.P, BHAGYANAGAR, Ongole, Prakasam, Andhra Pradesh","Phone: 9985533273 ,Fax: 1234567890, Email: bloodbankrimsongole@gmail.com",Govt.,B+Ve : 27,,2026-08-24 09:42:10,Blood Bank
2026-08-24T14:41:13,28,549,13,11,Bsu Chc Dornala,284699,"Dornala, , Dornala, Prakasam, Andhra Pradesh",-,Govt.,,B+Ve : 0,2026-08-24 13:15:41,BSU
2026-08-24T14:41:13,28,549,13,11,Bsu Mch Ongole,281530,"Ongole, , MCH ONGOLE, Prakasam, Andhra Pradesh",-,Govt.,,B+Ve : 0,2026-08-24 09:16:21,BSU
2026-08-24T14:41:13,28,549,13,11,Bsu Chc Chimakurthy,284760,"CHC CHIMAKURTHY, Prakasam District, , Chimakurthy, Prakasam, Andhra Pradesh",-,Govt.,,B+Ve : 0,2026-08-24 07:44:50,BSU
2026-08-24T14:41:13,28,549,13,11,Dr Jawahara Blood Center,284220,"D.No. 2/59/A, 5th floor,Near RTC Bus stop ,Main road Chimaku, Chimakurthy, Prakasam, Andhra Pradesh","Phone: 8431219999 ,Fax: -, Email: drjawaharbloodcenter@gmail.com",Private,B+Ve : 7,,2026-08-24 06:59:13,Blood Bank
2026-08-24T14:41:13,28,542,13,11,Bsu Chc Ranastalam,285057,"Ranastalam, Srikakulam, , Ranastalam, Srikakulam, Andhra Pradesh",-,Govt.,B+Ve : 1,,2026-08-24 09:23:13,BSU
2026-08-24T14:41:13,28,542,13,11,Indian Red Cross Society Blood Bank Srikakulam,28144," D.No.8-5-2/A,Opp Bapui Kalamandir ,  Palakonda Road,DM & HO Premises, Srikakulam, Srikakulam, Srikakulam, Andhra Pradesh","Phone: 9440195900 ,Fax: 1234567890, Email: chairman.redcrosssklm@gmail.com",Red Cross ,B+Ve : 8,,2026-08-24 07:01:04,Blood Bank
2026-08-24T14:41:13,28,542,13,11,Bsu Chc Sompeta,282823,"Sompeta, , Srkakulam (Rural), Srikakulam, Andhra Pradesh",-,Govt.,,B+Ve : 0,2026-08-21 10:02:08,BSU
2026-08-24T14:41:13,28,542,13,11,Bsu Chc Budithi,282821,"Budithi, , Srkakulam(Rural), Srikakulam, Andhra Pradesh",-,Govt.,B+Ve : 1,,2026-08-24 06:06:38,BSU
2026-08-24T14:41:13,28,542,13,11,Bsu Ah Narsannapeta,281577,"Narsannapeta, , Narasannapeta, Srikakulam, Andhra Pradesh",-,Govt.,,B+Ve : 0,2026-08-24 06:19:57,BSU
2026-08-24T14:41:13,28,542,13,11,P J Blood Centre,284966,"Srikakulam, Srikakulam, Srikakulam, Andhra Pradesh","Phone: 8374998825 ,Fax: -, Email: pjbloodcentresklm@gmail.com",Charitable/Vol,,B+Ve : 0,2026-08-24 09:52:27,Blood Bank
2026-08-24T14:41:13,28,542,13,11,District Hospital Blood Centre Tekkali,281545,"District Hospital Tekkali, TEKKALI, Srikakulam, Andhra Pradesh","Phone: 9951388564 ,Fax: -, Email: bloodbankdhtekkali@gmail.com",Govt.,B+Ve : 34,,2026-08-24 09:08:43,Blood Bank
2026-08-24T14:41:13,28,542,13,11,Uddanam Blood Centre,284327,"D.no.389-11, 1st,2nd & 3rd floors,Kameswara Nilayam , Opp.Sa, Sompeta, Srikakulam, Andhra Pradesh","Phone: 7606999399 ,Fax: -, Email: uddanambloodcentre@gmail.com",Private,,B+Ve : 0,2026-08-24 11:31:27,Blood Bank
2026-08-24T14:41:13,28,542,13,11,Gems Hospital Blood Bank,2850,"Ragolu, Srikakulam Mandal, Srikakulam, Srikakulam, Andhra Pradesh","Phone: 089422 78201, 08942 22654, 7337362534 ,Fax: -, Email: Bloodbank@gems.edu.in",Private,,B+Ve : 0,2026-08-24 07:22:12,Blood Bank
2026-08-24T14:41:13,28,542,13,11,Bsu Chc Haripuram,284700,"Haripuram, , Haripuram, Srikakulam, Andhra Pradesh",-,Govt.,,B+Ve : 0,2026-08-24 09:36:46,BSU
2026-08-24T14:41:13,28,542,13,11,New Srikakulam Blood Centre,282631,"D.No.04-01-139/1, First floor, Day and Night Junction, Palakonda Road, Srikakulam, Andhrapradesh., Srikakulam, Srikakulam, Andhra Pradesh","Phone: 9697961999 ,Fax: 0, Email: newsrikakulambloodbank@gmail.com",Private,,B+Ve : 0,2026-08-24 10:01:02,Blood Bank
2026-08-24T14:41:13,28,542,13,11,Lions Blood Centre,282632,"M/s. Lions Blood Bank , D.No. 2-1-15/2 1st  Floor,  RIMS Hos, Srikakulam, Srikakulam, Andhra Pradesh","Phone: 9100315777, 7995636077 ,Fax: -, Email: lionsbloodbank.srikakulam@gmail.com",Charitable/Vol,,B+Ve : 0,2026-08-24 09:33:45,Blood Bank
2026-08-24T14:41:13,28,542,13,11,Vijayasri Blood Centre Srikakulam,284445,"1st floor, old day Night complex, Above Gupta Laberotary,  o, Srikakulam, Srikakulam, Srikakulam, Andhra Pradesh","Phone: 6262628989 ,Fax: -, Email: vijayasribloodbanksklm@gmail.com",Charitable/Vol,B+Ve : 6,,2026-08-24 08:50:24,Blood Bank
2026-08-24T14:41:13,28,542,13,11,Bsu Chc Kaviti,281573,"Kaviti, , KAVITI, Srikakulam, Andhra Pradesh",-,Govt.,B+Ve : 1,,2026-08-24 09:55:51,BSU
2026-08-24T14:41:13,28,542,13,11,Bsu Chc Pathapatnam,281541,"Pathapatnam, , PATHAPATNAM, Srikakulam, Andhra Pradesh",-,Govt.,,B+Ve : 0,2026-08-24 09:22:40,BSU
2026-08-24T14:41:13,28,542,13,11,Bsu Chc Palasa,281552,"Palasa, , Palasa, Srikakulam, Andhra Pradesh",-,Govt.,B+Ve : 1,,2026-08-24 10:13:17,BSU
2026-08-24T14:41:13,28,542,13,11,Moksha Blood Center Srikakulam,284353,"Near YSR Junction, Main Road, Narsannapeta, Srikakulam, Narsannapeta, Srikakulam, Andhra Pradesh","Phone: 9553041122 ,Fax: -, Email: mokshabloodcenter@gmail.com",Charitable/Vol,,B+Ve : 0,2026-08-07 09:03:59,Blood Bank
2026-08-24T14:41:13,28,542,13,11,Government General Hospital Blood Centre Srikakulam,2904,"Hudco Colony, Balaga, Srikakulam, , Srikakulam, Srikakulam, Andhra Pradesh","Phone: 6301766405 ,Fax: 0, Email: bbrimssklm@gmail.com",Govt.,B+Ve : 37,,2026-08-24 10:37:36,Blood Bank
2026-08-24T14:41:13,28,542,13,11,Pranadatha Blood Centre,284099,"D.No.13-2-169/A,1st & 2nd Floor, Upstairs Paradise Hotel, Op, Palasa, Srikakulam, Andhra Pradesh","Phone: 07207848925 ,Fax: -, Email: pranadathabloodcentre@gmail.com",Private,,B+Ve : 0,2026-08-24 12:40:00,Blood Bank
2026-08-24T14:41:14,28,550,13,11,Narayana Medical College And Hospital Blood Centre,2892,"1st Floor, A1 Wing, Chintareddypalem, Nellore, Sri Potti Sriramulu Nellore, Andhra Pradesh","Phone: 7337029193 ,Fax: -, Email: bloodbankngh@gmail.com",Private,,B+Ve : 0,2026-08-24 09:21:28,Blood Bank
2026-08-24T14:41:14,28,550,13,11,Vijayasri Blood Bank Nellore,285328,"D No 16/2/215, Groud floor, gandhi nagar, Opp urban co operative bank, pogathota, Nellore, Sri Potti Sriramulu Nellore, Andhra Pradesh","Phone: 6281427629 ,Fax: -, Email: vijayasribloodbanknellore@gmail.com",Private,,B+Ve : 0,2026-08-24 11:44:35,Blood Bank
2026-08-24T14:41:14,28,550,13,11,Area Hospital Blood Centre Gudur,2801,"Hospital Road, Gudur, Gudur, Sri Potti Sriramulu Nellore, Andhra Pradesh","Phone: 8985750552 ,Fax: 0864722445, Email: bbahgudur@gmail.com",Govt.,B+Ve : 21,,2026-08-24 08:36:27,Blood Bank
2026-08-24T14:41:14,28,550,13,11,Acsr Government General Hospital Blood Centre Nellore,2834,"Government Head Quarter Hospital Premises, Ist Floor, Nellore, Sri Potti Sriramulu Nellore, Andhra Pradesh","Phone: 8309777410 ,Fax: -, Email: acsrgmcnlr@gmail.com",Govt.,B+Ve : 11,,2026-08-24 09:30:07,Blood Bank
2026-08-24T14:41:14,28,550,13,11,Indian Red Cross Society Blood Centre Nellore,2867,"IRCS Blood Bank, Near Vegetable market, Madras Bus Stand, Nellore, Sri Potti Sriramulu Nellore, Andhra Pradesh","Phone: 9490097269 ,Fax: -, Email: redcrossbloodbanknellore@gmail.com",Red Cross ,,B+Ve : 0,2026-08-24 10:42:16,Blood Bank
2026-08-24T14:41:14,28,550,13,11,Indian Red Cross Society Blood Centre Kavalii,2877,"S. N0. 1083/3, RDO office Compound, Trunk Road, Kavali, Sri Potti Sriramulu Nellore, Andhra Pradesh","Phone: 9494755449 ,Fax: -, Email: kavaliredcross@gmail.com",Red Cross ,B+Ve : 1,,2026-08-24 09:47:35,Blood Bank
2026-08-24T14:41:14,28,550,13,11,Apollo Speciality Hospitals Nellore,280623,"16/111/1133, Muthukur Road, Pinakini Nagar, Nellore, Nellore, Sri Potti Sriramulu Nellore, Andhra Pradesh","Phone: 7989523405 ,Fax: -, Email: rajasekhar_m@apollohospitals.com",Private,,B+Ve : 0,2026-08-24 07:27:03,Blood Bank
2026-08-24T14:41:14,28,550,13,11,Medipulse Blood Centre Gudur,284736,"Jandrapalem Street, Guduru, Tirupati, Guduru, Sri Potti Sriramulu Nellore, Andhra Pradesh","Phone: 7406899988 ,Fax: -, Email: medipulsebloodcentre.gudur@gmail.com",Charitable/Vol,B+Ve : 1,,2026-08-24 07:58:00,Blood Bank
2026-08-24T14:41:14,28,550,13,11,District Hospital Blood Centre Atmakur Nellore,282820,"1st floor, Near Wear Colony, Nellore, Sri Potti Sriramulu Nellore, Andhra Pradesh","Phone: 8328360573 ,Fax: 1234567890, Email: bloodcentre.dhatmakur@gmail.com",Govt.,B+Ve : 17,,2026-08-24 09:55:17,Blood Bank
2026-08-24T14:41:14,28,550,13,11,Bsu Chc Rapur,284689,"Rapur, , Rapur, Sri Potti Sriramulu Nellore, Andhra Pradesh",-,Govt.,B+Ve : 1,,2026-08-24 07:18:55,BSU
2026-08-24T14:41:14,28,550,13,11,Bsu Chc Vinjamur,284688,"Vinjamur, , Vinjamur, Sri Potti Sriramulu Nellore, Andhra Pradesh",-,Govt.,,B+Ve : 0,2026-08-24 09:06:12,BSU
2026-08-24T14:41:14,28,550,13,11,Bsu Chc Udayagiri,281595,"Udayagiri, , UDAYAGIRI, Sri Potti Sriramulu Nellore, Andhra Pradesh",-,Govt.,B+Ve : 1,,2026-08-24 08:19:55,BSU
2026-08-24T14:41:14,28,550,13,11,Bsu Chc Venkatachalam,284687,"Venkatachalam, , Venkatachalam, Sri Potti Sriramulu Nellore, Andhra Pradesh",-,Govt.,,B+Ve : 0,2026-08-24 09:55:14,BSU
2026-08-24T14:41:14,28,550,13,11,Bsu Chc Podalakuru,284686,"Podalakuru, , Podalakuru, Sri Potti Sriramulu Nellore, Andhra Pradesh",-,Govt.,B+Ve : 1,,2026-08-24 09:10:09,BSU
2026-08-24T14:41:14,28,550,13,11,Area Hospital Blood Centre Kavali,2808,"Kavali, S.P.S.R, Nellore, Sri Potti Sriramulu Nellore, Andhra Pradesh","Phone: 8328360573 ,Fax: 0, Email: areahospitalbloodcentrekavali@gmail.com",Govt.,B+Ve : 10,,2026-08-24 09:56:27,Blood Bank
2026-08-24T14:41:14,28,550,13,11,Nova Blood Centre,282630,"M/s. Nova Blood Bank,( A Unit of Rural and Urban Development, Nellore, Sri Potti Sriramulu Nellore, Andhra Pradesh","Phone: 8790484848 ,Fax: -, Email: novabloodbank@gmail.com",Charitable/Vol,,B+Ve : 0,2026-08-24 11:14:07,Blood Bank
2026-08-24T14:41:14,28,550,13,11,Bsu Chc Kovur,284685,"Kovur, , Kovur, Sri Potti Sriramulu Nellore, Andhra Pradesh",-,Govt.,,B+Ve : 0,2026-08-24 09:34:39,BSU
2026-08-24T14:41:14,28,550,13,11,Bsu Chc Kota.,284684,"Kota, , Kota, Sri Potti Sriramulu Nellore, Andhra Pradesh",-,Govt.,B+Ve : 2,,2026-08-24 07:54:18,BSU
2026-08-24T14:41:14,28,550,13,11,Bsu Chc Indukurpet,284683,"Indukurpet, , Indukurpet, Sri Potti Sriramulu Nellore, Andhra Pradesh",-,Govt.,,B+Ve : 0,2026-08-24 09:34:21,BSU
2026-08-24T14:41:14,28,550,13,11,Bsu Chc Buchireddypalem,284682,"Buchireddypalem, , Buchireddypalem, Sri Potti Sriramulu Nellore, Andhra Pradesh",-,Govt.,B+Ve : 2,,2026-08-24 09:20:11,BSU
2026-08-24T14:41:14,28,550,13,11,Bsu Chc Allur,284681,"Allur, , Allur, Sri Potti Sriramulu Nellore, Andhra Pradesh",-,Govt.,B+Ve : 1,,2026-08-24 08:58:23,BSU
2026-08-24T14:41:14,28,754,13,11,Sri Satya Sai Institute Of Higher Medical Sciences Blood Centre,2922,"Sri Satya Sai Hospital Premises, Prasanthigram, PUTTAPARTHY, Puttaparthi, Sri Sathya Sai, Andhra Pradesh","Phone: 08555287900 ,Fax: -, Email: saikiran-ptp@yahoo.co.in",Charitable/Vol,B+Ve : 2,,2026-08-24 07:51:02,Blood Bank
2026-08-24T14:41:14,28,754,13,11,Bsu Ah Dharmavaram,281307,"Dharmavaram, , DHARMAVARAM, Sri Sathya Sai, Andhra Pradesh",-,Govt.,B+Ve : 2,,2026-08-22 09:52:53,BSU
2026-08-24T14:41:14,28,754,13,11,District Hospital Blood Centre Hindupur,282645,"Blood Bank, District Hospital, Hindupur, Hindupur, Sri Sathya Sai, Andhra Pradesh","Phone: 9398736265 ,Fax: 0, Email: bbapvvphup@gmail.com",Govt.,B+Ve : 14,,2026-08-24 09:32:49,Blood Bank
2026-08-24T14:41:14,28,754,13,11,Area Hospital Blood Centre Kadiri,2872,"APVVP Govt. Area Hospital, Ground Floor, Kadiri, Kadiri, Sri Sathya Sai, Andhra Pradesh","Phone: 8985002811 ,Fax: 0, Email: bbahkadiri@gmail.com",Govt.,B +ve : 25,,2026-08-23 09:39:38,Blood Bank
2026-08-24T14:41:14,28,754,13,11,Bsu Chc Penukonda,281311,"PENUKONDA, , PENUKONDA, Sri Sathya Sai, Andhra Pradesh",-,Govt.,B+Ve : 2,,2026-08-24 09:03:18,BSU
2026-08-24T14:41:14,28,754,13,11,Deepu Blood Centre Hindupur,284556,"D.No 4-5-687/7-1, Lepakshi, Chaitanya Nagar, Hindupur, Hindupur, Sri Sathya Sai, Andhra Pradesh","Phone: 6303569024 ,Fax: -, Email: deepubloodcenterhdp@gmail.com",Charitable/Vol,B+Ve : 1,,2026-08-24 10:39:31,Blood Bank
2026-08-24T14:41:14,28,754,13,11,Bsu Ah Madakasira,281310,"Madakasira, , MADAKASIRA, Sri Sathya Sai, Andhra Pradesh",-,Govt.,B+Ve : 3,,2026-08-24 09:34:52,BSU
2026-08-24T14:41:14,28,754,13,11,Rural Development Trust Hospital Blood Bank,283794,"KADIRI ROAD BATHALAPALLI SATYA SAI DIST, BATHALAPALLI, Sri Sathya Sai, Andhra Pradesh","Phone: 8559244259 ,Fax: -, Email: rdtbloodbank@gmail.com",Private,,B+Ve : 0,2026-08-24 08:08:33,Blood Bank
2026-08-24T14:41:14,28,752,13,11,Bsu Sviccar Tirupati,284590,"Tirupati, , Tirupati, Tirupati, Andhra Pradesh",-,Charitable/Vol,,B+Ve : 0,2026-08-24 11:23:17,BSU
2026-08-24T14:41:14,28,752,13,11,Indian Red Cross society blood centre Tirupati,285327,"maternity block govt,alipiri road,Tirupati, Tirupati, Tirupati, Andhra Pradesh","Phone: 9502557650 ,Fax: -, Email: ircstptbloodbank@gmail.com",Charitable/Vol,,B+Ve : 0,2026-08-24 08:59:02,Blood Bank
2026-08-24T14:41:14,28,752,13,11,Bsu Ah Srikalahasti,280923,"Srikalahasti, , SRIKALAHASTHI, Tirupati, Andhra Pradesh",-,Govt.,,B+Ve : 0,2026-08-24 09:12:29,Blood Bank
2026-08-24T14:41:14,28,752,13,11,Bsu Chc Putturu,281317,"Putturu, , PUTTURU, Tirupati, Andhra Pradesh",-,Govt.,B+Ve : 3,,2026-08-24 07:46:36,BSU
2026-08-24T14:41:14,28,752,13,11,Ntr Memorial Trust Blood Center Tirupati,283726,"10-3-204,1st floor, KotaKommala street ,Reddy and Reddy colo, Tirupati, Tirupati, Andhra Pradesh","Phone: 9030898964 ,Fax: 0, Email: admin_bbtpt@ntrtrust.org ",Charitable/Vol,,B+Ve : 0,2026-08-24 09:31:09,Blood Bank
2026-08-24T14:41:14,28,752,13,11,Bsu Chc Venkatagiri.,281604,"Venkatagiri., , VENKATAGIRI, Tirupati, Andhra Pradesh",-,Govt.,B+Ve : 1,,2026-08-24 09:56:02,BSU
2026-08-24T14:41:14,28,752,13,11,Blood Centre Central Hospital Ttd Tirupati,2931,"BIRRD (T) Hospital,, Old building,SVIMS CAMPUS , Tirupati, Tirupati, Andhra Pradesh","Phone: 9849835530 ,Fax: 0, Email: bloodcentrebirrd@gmail.com",Charitable/Vol,B+Ve : 36,,2026-08-24 08:45:45,Blood Bank
2026-08-24T14:41:14,28,752,13,11,Bsu Chc Sullurpet,281588,"Sullurpeta, , SULLURIPETA, Tirupati, Andhra Pradesh",-,Govt.,,B+Ve : 0,2026-08-24 11:39:31,BSU
2026-08-24T14:41:14,28,752,13,11,Rakshana Blood Bank,283601,"D,NO 18-1-505C,2ND FLOOR,, RAMESH NATH TOWERS,OPP VV MAHAL, MOSQUE ROAD, TIRUPATI, Tirupati, Tirupati, Andhra Pradesh","Phone: 9505555835 ,Fax: 1234567890, Email: rakshanabloodbank@gmail.com",Charitable/Vol,,B+Ve : 0,2026-08-24 08:06:25,Blood Bank
2026-08-24T14:41:14,28,752,13,11,Bsu Chc Satyavedu,284701,"Satyavedu, , Satyavedu, Tirupati, Andhra Pradesh",-,Govt.,,B+Ve : 0,2026-08-24 09:32:21,BSU
2026-08-24T14:41:14,28,752,13,11,Anna Gowri Medical College And Hospital Blood Centre,284733,"Parameswaramangalam, Puttur, Puttur, Tirupati, Andhra Pradesh","Phone: 8074059945 ,Fax: 0, Email: contact.agmch@gmail.com",Private,B+Ve : 1,,2026-08-24 06:23:32,Blood Bank
2026-08-24T14:41:14,28,752,13,11,Bsu Chc Naidupeta,281640,"Naidupeta, , Naidupeta, Tirupati, Andhra Pradesh",-,Govt.,B+Ve : 1,,2026-08-24 07:54:42,BSU
2026-08-24T14:41:14,28,752,13,11,Model blood centre,2929,"Near Alipiri, Tirupati, Tirupati, Andhra Pradesh","Phone: 9494490487 ,Fax: 1234567890, Email: modelbloodbanktpt2010@gmail.com",Govt.,B+Ve : 101,,2026-08-24 10:38:14,Blood Bank
2026-08-24T14:41:14,28,752,13,11,Bsu Chc Rlykodur,284597,"Rilway Koduru, , Raiway koduru, Tirupati, Andhra Pradesh",-,Govt.,,B+Ve : 0,2026-08-22 08:56:58,BSU
2026-08-24T14:41:14,28,752,13,11,Aswini Hospital Blood Centre,2817,"Ground Floor, Aswini Hospital Premises, TTD, Tirumala, Tirupati, Andhra Pradesh","Phone: 9000497028 ,Fax: 1234567890, Email: bbahttdtml@gmail.com",Private,B+Ve : 14,,2026-08-24 08:56:31,Blood Bank
2026-08-24T14:41:14,28,752,13,11,Amara Blood Centre,284793,"D.No 9-651, 3rd floor, Amara Hospital, Karakambadi, Tirupati, Tirupati, Tirupati, Andhra Pradesh","Phone: 7337212372 ,Fax: 1234567890, Email: amarafoundationtirupati@gmail.com",Charitable/Vol,,B+Ve : 0,2026-08-24 00:43:27,Blood Bank
2026-08-24T14:41:14,28,752,13,11,Sri Venkateswara Institute Of Medical Sciences Blood Centre,2924,"SVIMS BLOOD CENTRE, SVIMS, ALIPIRI ROAD, TIRUPATI, Tirupati, Tirupati, Andhra Pradesh","Phone: 9494403546 ,Fax: -, Email: svimsbloodbank@gmail.com",Govt.,,B+Ve : 0,2026-08-24 09:19:57,Blood Bank
2026-08-24T14:41:14,28,752,13,11,Bsu Sriharikota,284691,"Sriharikota, , Sriharikota, Tirupati, Andhra Pradesh",-,Govt.,,B+Ve : 0,2026-05-27 13:38:47,BSU
2026-08-24T14:41:14,28,752,13,11,Sri Venkata Sai Charitable Trust Blood Centre,2923,"H.No 10-13-514, 1st Floor Reddy and Reddy Colony, Tirupati C, Tirupati, Tirupati, Andhra Pradesh","Phone: 9246999571 ,Fax: -, Email: svsctbloodbank@gmail.com",Charitable/Vol,,B+Ve : 0,2026-08-24 05:13:29,Blood Bank
2026-08-24T14:41:14,28,752,13,11,"Government Maternity Hospital Blood Centre, Tirupati",2846,"Government Maternity Hospital Blood Centre,I.P.W Building, S.V.Medical college Campus,Alipiri Road, Tirupati, Tirupati, Tirupati, Andhra Pradesh","Phone: 9440323374 ,Fax: 0, Email: bloodbankgmhtirupati@gmail.com",Govt.,B+Ve : 77,,2026-08-24 09:13:58,Blood Bank
2026-08-24T14:41:14,28,752,13,11,Vijayasri Blood Centre Tirupati,283481,"D.NO:-10-13-490B,First and second floor,Reddy &Reddy colony , Besides Subhamasthu  shopping mall ,Tirupati, Tirupati, Tirupati, Andhra Pradesh","Phone: 9949901007 ,Fax: 0, Email: vijayasribloodbanktirupathi@gmail.com",Charitable/Vol,,B+Ve : 0,2026-08-24 12:34:18,Blood Bank
2026-08-24T14:41:14,28,544,13,11,Kalam Blood Centre,284939,"Block A, KCC Building, AMTZ Campus, Pragathi steel project, , Visakahaptnam, Visakhapatnam, Visakhapatnam, Andhra Pradesh","Phone: 9281078653 ,Fax: 1234567890, Email: kbc@kiht.in",Private,B+Ve : 9,,2026-08-24 10:31:36,Blood Bank
2026-08-24T14:41:14,28,544,13,11, Gayatri Vidya Parishad Institute Of Health Care And  Medical  Technology ,280437,"DNO:6-25, MARIDIVALLEY , MARIKAVALASA , MADHURAWADA, MADHURAWADA, Visakhapatnam, Andhra Pradesh","Phone: 7675808026 ,Fax: 1234567890, Email: gvpbloodbank@gmail.com",Charitable/Vol,B+Ve : 2,,2026-08-24 07:19:40,Blood Bank
2026-08-24T14:41:14,28,544,13,11,Chatrapathi Shivaji Voluntary Blood Centre ,283869,"#PLOT NO .5C, 3RD FLOOR, UNIQUE HOSPITAL, HEALTH CITY, AARIL, VISAKHAPATNAM, Visakhapatnam, Andhra Pradesh","Phone: 7093373738 ,Fax: -, Email: csvbloodcentre@gmail.com",Charitable/Vol,,B+Ve : 0,2026-08-24 09:12:21,Blood Bank
2026-08-24T14:41:14,28,544,13,11,First Blood Centre,282635,"Opposite kgh OP gate, Haritha sapthagiri plaza, Visakhapatnam, Visakhapatnam, Andhra Pradesh","Phone: 9141461111 ,Fax: 0, Email: firstbloodbankvskp@gmail.com",Charitable/Vol,B+Ve : 5,,2026-08-15 07:56:51,Blood Bank
2026-08-24T14:41:14,28,544,13,11,M/S. Gitam Institute Of Medical Sciences Blood Centre,2887,"Door No. 5-168, Ward No. 6, GITAM University, Rushikonda, Visakhapatnam, Visakhapatnam, Andhra Pradesh","Phone: 9393102206 ,Fax: 0, Email: gimsrbloodbank @gitam.edu",Private,,B+Ve : 0,2026-08-24 07:00:09,Blood Bank
2026-08-24T14:41:14,28,544,13,11,Sanjeevani Voluntary Blood Centre Gajuwaka,283802,"D.No 26-50-5/1 Kanithi Road, Chinagantyada, Gajuwaka, VSKP, Gajuwaka, Visakhapatnam, Andhra Pradesh","Phone: 9349349696 ,Fax: 1234567890, Email: svbb.gwk@gmail.com",Charitable/Vol,B +ve : 3,,2026-08-24 07:35:20,Blood Bank
2026-08-24T14:41:14,28,544,13,11,Pinnacle Hospital Blood centre,280458,"PLOT NO 10,11&12,APIIC  ,HEALTHCITY,CHINAGADILI,VISAKHAPATNAM, Visakhapatnam, Visakhapatnam, Andhra Pradesh","Phone: 8916769990 ,Fax: 1234567890, Email: bloodbank@pinnaclehospitals.com",Private,,B+Ve : 0,2026-08-24 06:39:36,Blood Bank
2026-08-24T14:41:14,28,544,13,11,Life Share Blood Centre Visakhapatnam,282633,"M/s. Life Share Blood Bank,D.No.10-1-8, 4th Floor, the Land , Visakhapatnam, Visakhapatnam, Andhra Pradesh","Phone: 9989558350 ,Fax: -, Email: bloodbanklifeshare@gmail.com",Private,,B+Ve : 0,2026-08-24 07:14:03,Blood Bank
2026-08-24T14:41:14,28,544,13,11,KIMS ICON Blood Centre,282634,"M/s KIMS ICON Blood Bank, D.No.32-11-2, KIMS ICON Hospit, Sheelanagr, Gajuwaka, Visakhapatnam, Andhra Pradesh","Phone: 7989432799 ,Fax: 1234567890, Email: gllkiran21@gmail.com",Private,,B+Ve : 0,2026-08-24 08:29:47,Blood Bank
2026-08-24T14:41:14,28,544,13,11,Lions Club Of Visakhapatnam Blood Centre Trust,2884,"D.No. 10-54-7, Lions Community Hall, Ram Nagar, Visakhapatnam, Visakhapatnam, Andhra Pradesh","Phone: 6309552515 ,Fax: -, Email: lionsbloodbankvsp@gmail.com",Private,,B+Ve : 0,2026-08-24 09:35:14,Blood Bank
2026-08-24T14:41:14,28,544,13,11,Medicover Blood Centre,284414,"Block - B, 4th floor, D.No.1-1-83,, MVP Colony, Venkojipalem, Visakhapatnam, Visakhapatnam, Andhra Pradesh","Phone: 7995504070 ,Fax: -, Email: bloodbank.vizag4@medicoverhospitals.in",Private,B+Ve : 1,,2026-08-24 09:28:34,Blood Bank
2026-08-24T14:41:14,28,544,13,11,Vande Bharat Blood Centre Visakhapatnam,284557,"Opposite life style, Chinagantyagada, Old gajuwaka, Visakhapatnam, Gajuwaka, Visakhapatnam, Andhra Pradesh","Phone: 6262172737 ,Fax: -, Email: vbbcgajuwaka2024@gmail.com",Private,,B+Ve : 0,2026-08-24 10:00:46,Blood Bank
2026-08-24T14:41:14,28,544,13,11,New Life Blood Centre Visakhapatnam,283940,"Flat no101&102 , First floor,Gabhasthi Hermitage HiG 82 Sect, Viskhapatnam, Visakhapatnam, Andhra Pradesh","Phone: 9494341893 ,Fax: -, Email: newlifebloodcentrevskp@gmail.com",Private,,B+Ve : 0,2026-08-24 10:02:20,Blood Bank
2026-08-24T14:41:14,28,544,13,11,Homi Bhabha Cancer Hospital And Research Centre,284233,"Main Block, First Floor, Aganampudi, Gajuwaka Mandal, Visakh, Visakhapatnam, Visakhapatnam, Andhra Pradesh","Phone: 8912871572 ,Fax: -, Email: dtm@hbchrcv.tmc.gov.in",Govt.,,B+Ve : 0,2026-08-24 08:35:47,Blood Bank
2026-08-24T14:41:14,28,544,13,11,Mother Blood Centre Visakhapatnam,283782,"d.nO 12-4-34A, M.K. ENCLAVE OPP. ST.Anthony church, , Visakhapatnam, Visakhapatnam, Andhra Pradesh","Phone: 9849993672 ,Fax: 0, Email: motherbloodcentre@gmail.com",Private,,B+Ve : 0,2026-08-24 08:41:03,Blood Bank
2026-08-24T14:41:14,28,544,13,11,Anil Neerukunda Hospital Blood Centre,2804,"SangiValasa, Bheemunipatnam (M), Visakhapatnam, Visakhapatnam, Andhra Pradesh","Phone: 8008901273 ,Fax: -, Email: anhbb2017@gmail.com",Private,,B+Ve : 0,2026-08-24 09:02:45,Blood Bank
2026-08-24T14:41:14,28,544,13,11,"Government Victoria Hospital For Women And Children Blood Centre, Visakhapatnam",2847,"1st Floor, Government Victoria Hospital Premises, 1 Town, Visakhapatnam, Visakhapatnam, Andhra Pradesh","Phone: 8297272080 ,Fax: 1234567890, Email: vghbloodbank@gmail.com",Govt.,B+Ve : 13,,2026-08-24 09:25:03,Blood Bank
2026-08-24T14:41:14,28,544,13,11,Rotary Blood Bank Visakhapatnam,28108,"Visakhapatnam, Visakhapatnam, Andhra Pradesh","Phone: 9849193503 ,Fax: -, Email: rotarybloodbankvsp@gmail.com",Charitable/Vol,,B+Ve : 0,2026-08-24 09:06:37,Blood Bank
2026-08-24T14:41:14,28,544,13,11,The King George Hospital Blood Centre Visakhapatnam,2880,"KGH, Visakhapatnam, , Visakhapatnam, Visakhapatnam, Andhra Pradesh","Phone: 9390255130 ,Fax: 1234567890, Email: bbkghvsp@gmail.com",Govt.,B+Ve : 30,,2026-08-24 09:55:15,Blood Bank
2026-08-24T14:41:14,28,544,13,11,Apollo Hospital Chinagadhili,280626,"D.No.18-516/2/1, 3rd Floor, Health City, Arilova, DETTO, Chinagadhili, Visakhapatnam, Andhra Pradesh","Phone: 9849949202 ,Fax: -, Email: kunamukundarao@gmail.com",Private,,B+Ve : 0,2026-08-24 07:38:47,Blood Bank
2026-08-24T14:41:14,28,544,13,11,Visakha Institute Of Medical Science Blood Centre,284705,"Hanumanthwaka, Visakhapatnam, Visakhapatnam, Visakhapatnam, Andhra Pradesh","Phone: 8125320910 ,Fax: -, Email: bloodbankvims@gmail.com",Govt.,,B+Ve : 0,2026-08-24 08:42:09,Blood Bank
2026-08-24T14:41:14,28,544,13,11,Bsu Chc Bheemunipatnam,284703,"Bheemunipatnam, , Bheemunipatnam, Visakhapatnam, Andhra Pradesh",-,Govt.,B+Ve : 1,,2026-08-23 10:27:37,BSU
2026-08-24T14:41:14,28,544,13,11,Ntr Memorial Trust Blood Centre Visakhapatnam,2897,"11-4-2/1, Rockdale Layout,, Waltair Main Road, Ramnagar, VISAKHAPATNAM, Visakhapatnam, Andhra Pradesh","Phone: 9032005619 ,Fax: 0, Email: vizagbbadmin@ntrtrust.org",Charitable/Vol,B+Ve : 9,,2026-08-24 07:44:55,Blood Bank
2026-08-24T14:41:14,28,544,13,11,Bsu Chc Pendurthi,284702,"Pendurthi, , Pendurthi, Visakhapatnam, Andhra Pradesh",-,Govt.,B+Ve : 1,,2026-08-24 13:44:05,BSU
2026-08-24T14:41:14,28,544,13,11,Indian Red Cross Society Blood Bank Vishakhapatnam,28148,"14 35 4, Red Cross Building, Near Zilla parished Maharanipeta, Visakhapatnam, Visakhapatnam, Andhra Pradesh","Phone: 08912703953 ,Fax: -, Email: secretaryvspredcross@gmail.com",Red Cross ,,B+Ve : 0,2026-08-24 00:02:06,Blood Bank
2026-08-24T14:41:14,28,544,13,11,Bsu Chc Gopalapatnam,284767,"Gopalapatnam, Visakhapatnam, Gopalapatnam, Visakhapatnam, Andhra Pradesh",-,Govt.,B+Ve : 1,,2026-08-24 06:21:13,BSU
2026-08-24T14:41:14,28,544,13,11,Bsu Ah Aganampudi,281696,"Aganampudi, , AGANAMPUDI, Visakhapatnam, Andhra Pradesh",-,Govt.,B+Ve : 1,,2026-08-24 09:15:14,BSU
2026-08-24T14:41:14,28,544,13,11,Visakha Blood Centre,284227,"Chamber 2 & 3 Door No 17-1-15/1, Ground, RR Towers, opp. KGH, Visakhapatnam, Visakhapatnam, Andhra Pradesh","Phone: 9492021652 ,Fax: -, Email: visakhabloodcentre@gmail.com",Private,,B+Ve : 0,2026-08-24 12:17:34,Blood Bank
2026-08-24T14:41:14,28,544,13,11,Amma Blood Centre,283750,"d.No 11-4-11/1, Kailash Nagar, Kanithi Road,Gajuwaka,visakha, Visakhapatnam, Visakhapatnam, Andhra Pradesh","Phone: 9849993672 ,Fax: 0, Email: gllkiran21@gmail.com",Charitable/Vol,,B+Ve : 0,2026-08-24 09:41:18,Blood Bank
2026-08-24T14:41:14,28,544,13,11,Seven Hills Hospitals Blood Centre,2914,"Waltair Main Road, Rockdale Layout, Visakhapatnam, Visakhapatnam, Visakhapatnam, Andhra Pradesh","Phone: 9652831008 ,Fax: -, Email: Venkatesh.s@sevenhillshospital.com",Private,,B+Ve : 0,2026-08-24 06:25:32,Blood Bank
2026-08-24T14:41:14,28,544,13,11,As Raja Voluntary Blood Centre,2815,"D.No. 10-50-11/5, 1st Floor, Virasi Centre, Waltair Main Roa, Visakhapatnam, Visakhapatnam, Andhra Pradesh","Phone: 9849792925 ,Fax: -, Email: asrajavbloodbank@gmail.com",Charitable/Vol,B+Ve : 14,,2026-08-24 09:16:25,Blood Bank
2026-08-24T14:41:14,28,544,13,11,Visakha Steel General Hospital Blood Centre,2935,"First Floor, Sector 6, Ukkunagaram, Visakhapatnam, Visakhapatnam, Andhra Pradesh","Phone: 7702917979 ,Fax: -, Email: Santhi_priya@vizagsteel.com",Private,B+Ve : 1,,2026-08-24 08:06:32,Blood Bank
2026-08-24T14:41:14,28,543,13,11,Bsu Chc Badangi,285222,"Badangi, , Badangi, Vizianagaram, Andhra Pradesh",-,Govt.,B+Ve : 1,,2026-08-24 09:17:16,BSU
2026-08-24T14:41:14,28,543,13,11,"GGH , VIZIANAGARAM",28118,"CONTONMENT, GROUND FLOOR GGH, Vizianagaram, Vizianagaram, Andhra Pradesh","Phone: 8309509897 ,Fax: 1234567890, Email: bloodbankdhvzm@gmail.com",Govt.,B+Ve : 6,,2026-08-24 09:18:39,Blood Bank
2026-08-24T14:41:14,28,543,13,11,Indian Red Cross Society Blood Bank Vizianagaram,28119,"T.S.No.1/13p, Beside Water Tank, Cantonment, Near Collector Office, Vizianagaram, vizianagaram, Vizianagaram, Andhra Pradesh","Phone: 8922272700 ,Fax: 1234567890, Email: ircsofficevzm@gmail.com",Red Cross ,,B+Ve : 0,2026-08-24 10:16:55,Blood Bank
2026-08-24T14:41:14,28,543,13,11,Bsu Chc Bhogapuram,281719,"Bhogapuram, , BHOGAPURAM, Vizianagaram, Andhra Pradesh",-,Govt.,B+Ve : 2,,2026-08-24 07:49:53,BSU
2026-08-24T14:41:14,28,543,13,11,Bsu Ah Cheepurupalli,281707,"Cheepurupalli, , CHEEPURPALLI, Vizianagaram, Andhra Pradesh",-,Govt.,,B+Ve : 0,2026-08-24 09:50:34,BSU
2026-08-24T14:41:14,28,543,13,11,Nvn Blood Bank ,280747,"19-10-8,2nd floor,Beside Vijaya diagnostic centre,Matam stre, VIZIANAGARAM, Vizianagaram, Andhra Pradesh","Phone: 9246448899 ,Fax: -, Email: nvnbloodbank999@gmail.com",Charitable/Vol,B+Ve : 3,,2026-08-24 09:15:50,Blood Bank
2026-08-24T14:41:14,28,543,13,11,Bsu Ah S. Kota,281704,"S Kota, , S.KOTA, Vizianagaram, Andhra Pradesh",-,Govt.,B+Ve : 1,,2026-08-24 09:21:17,BSU
2026-08-24T14:41:14,28,543,13,11,Bsu Ah Gajapathinagaram,281715,"Gajapathipatnam, , GAJAPATHINAGARAM, Vizianagaram, Andhra Pradesh",-,Govt.,B+Ve : 1,,2026-08-24 11:29:09,BSU
2026-08-24T14:41:14,28,543,13,11,Mahraja Institude Of Medical Science Blood Bank,28121,"MIMS General Hospital   Nelwmarla, vizianagaram, Vizianagaram, Andhra Pradesh","Phone: 7799100527 ,Fax: 0, Email: principalsretmims@gmail.com",Private,B+Ve : 2,,2026-08-24 06:44:56,Blood Bank
2026-08-24T14:41:14,28,543,13,11,New Life Blood Centre Vizianagaram,2910,"4th floor, Revenue Ward, H.no 1-9/1-37 3,4 th floor sri bangarmma complex,  Vizianagaram, Vizianagaram, Andhra Pradesh","Phone: 8096171616 ,Fax: 1234567890, Email: newlifebloodcentreviznrm@gmail.com",Charitable/Vol,,B+Ve : 0,2026-08-24 08:35:17,Blood Bank
2026-08-24T14:41:14,28,543,13,11,Bsu Chc Bobbili,281742,"BOBBILI, , bobbili, Vizianagaram, Andhra Pradesh",-,Govt.,B+Ve : 1,,2026-08-24 09:33:56,BSU
2026-08-24T14:41:14,28,543,13,11,Bsu Mch Vizianagaram,281710,"Viziangaram, , MCH VZM, Vizianagaram, Andhra Pradesh",-,Govt.,B+Ve : 2,,2026-08-24 08:27:39,BSU
2026-08-24T14:41:14,28,543,13,11,Bsu Ah Rajam,281565,"Rajam., , Rajam, Vizianagaram, Andhra Pradesh",-,Govt.,B+Ve : 1,,2026-08-24 08:34:29,BSU
2026-08-24T14:41:14,28,543,13,11,Bsu Chc Nellimarla,284038,"Near SBI Bank, Nellimarla, Vizianagaram, Andhra Pradesh, , Vizianagaram, Vizianagaram, Andhra Pradesh",-,Govt.,,B+Ve : 0,2026-08-24 10:05:13,BSU
2026-08-24T14:41:14,28,543,13,11,Vizianagaram Rotary Parvati Devi Anchalia Voluntary Blood Centre,283364,"D.NO.5-16-6/16,1st Floor,Rotary community hall,NCS Road,vzm, Vizianagaram, Vizianagaram, Andhra Pradesh","Phone: 9849010503 ,Fax: -, Email: Rotarybloodbankvzm@gmail.com",Charitable/Vol,B+Ve : 3,,2026-08-24 10:00:56,Blood Bank
2026-08-24T14:41:14,28,543,13,11,Bobbili Blood Centre,283320,"D.NO-11-65&66,1ST FLOOR,VYSHNAV STREET,BOBBILI,VZM , Bobbili, Vizianagaram, Andhra Pradesh","Phone: 9949456286 ,Fax: -, Email: bobbilibloodcentre@gmail.com",Charitable/Vol,B+Ve : 2,,2026-08-24 10:33:10,Blood Bank
2026-08-24T14:41:14,28,543,13,11,Gmr Varalakhsmi Care Hospital Blood Centre,2836,"GMR CARE HOSPITAL, RAJAM, GMR NAGAR ,RAJAM,532127, RAJAM, Vizianagaram, Andhra Pradesh","Phone: 8309988758 ,Fax: 0, Email: gmrbloodcenter@gmail.com",Private,,B+Ve : 0,2026-08-24 07:18:11,Blood Bank
2026-08-24T14:41:15,28,546,13,11,AH Govt blood Centre Tadepalligudem,285100,"1st floor, OP Block, Area Hospital Tadepalligudem, West Goda, Tadepalligudem, West Godavari, Andhra Pradesh","Phone: 9700123885 ,Fax: 1234567890, Email: govtbloodcentretadepalligudem@gmail.com",Govt.,B+Ve : 9,,2026-08-24 09:04:09,Blood Bank
2026-08-24T14:41:15,28,546,13,11,Bsu Ah Palakollu,281759,"Palakollu, AREA HOSPITAL,BLOOD STORAGE UNIT , PALAKOL, West Godavari, Andhra Pradesh",-,Govt.,B+Ve : 1,,2026-08-24 07:40:28,BSU
2026-08-24T14:41:15,28,546,13,11,"Palakol Voluntary Blood Centre, (A Division Of Palakol Charitable Trust)",2900,"Dno: 47-1-12/2c,beside new life hospital, srinivasa deluxe r, Palakol, West Godavari, Andhra Pradesh","Phone: 9885144415 ,Fax: -, Email: palakolvoluntarybloodbank@gmail.com",Charitable/Vol,B+Ve : 1,,2026-08-24 07:44:43,Blood Bank
2026-08-24T14:41:15,28,546,13,11,Dr. Narni Ratnalaya Kumari Voluntary Blood Centre,282637,"M/s. Dr. Narni Ratnalaya Kumari Voluntary Blood Bank(A unit , Tadepalligudem, West Godavari, Andhra Pradesh","Phone: 9100414199 ,Fax: -, Email: drnrk.voluntarybloodbank@gmail.com",Charitable/Vol,B+Ve : 1,,2026-08-24 09:53:21,Blood Bank
2026-08-24T14:41:15,28,546,13,11,Uddaraju Anandaraju Foundation Blood Centre,2932," 27-8-21/2, Juvvalapalem Rd, SIVARAO PETA, Bhimavaram, , Bhimavaram, West Godavari, Andhra Pradesh","Phone: 8897888108 ,Fax: 1234567890, Email: anandabloodcenter2009@gmail.com",Charitable/Vol,B+Ve : 1,,2026-08-24 07:13:58,Blood Bank
2026-08-24T14:41:15,28,546,13,11,Bsu Chc Penugonda,281769,"Penugonda, , PENUGONDA, West Godavari, Andhra Pradesh",-,Govt.,,B+Ve : 0,2026-08-24 10:02:48,BSU
2026-08-24T14:41:15,28,546,13,11,Bsu Chc Achanta,284704,"Achanta, , Achanta, West Godavari, Andhra Pradesh",-,Govt.,,B+Ve : 0,2026-08-22 15:38:25,BSU
2026-08-24T14:41:15,28,546,13,11,District Hospital Blood CentreTanuku,284605,"West Godavari, Tanuku, West Godavari, Andhra Pradesh","Phone: 9948396852 ,Fax: 0, Email: bloodcentredhtanuku@gmail.com",Govt.,B+Ve : 10,,2026-08-24 09:35:01,Blood Bank
2026-08-24T14:41:15,28,546,13,11,Bsu Ah Bhimavaram,281766,"Bhimavaram, , BHIMAVARAM, West Godavari, Andhra Pradesh",-,Govt.,B+Ve : 4,,2026-08-24 09:36:10,BSU
2026-08-24T14:41:15,28,546,13,11,Indian Red Cross Society Blood Centre Bhimavaram,284735,"Rayalam, Near Panchayithi Office, Bhimavaram, Bhimavaram, West Godavari, Andhra Pradesh","Phone: 7901694488 ,Fax: -, Email: ircsbvrmbloodcentre@gmail.com",Red Cross ,B+Ve : 2,,2026-08-24 03:02:12,Blood Bank
2026-08-24T14:41:15,28,546,13,11,Apadbandhu Voluntary Blood Center Palakol,284337,"D.No: 2-218/1, 1st floor, Lalitha Ganesh Complex, Near Bajaj, Palakol, West Godavari, Andhra Pradesh","Phone: 7816000234 ,Fax: 7816000245, Email: apadbandhubloodcenter@gmail.com",Private,B+Ve : 4,,2026-08-24 07:44:15,Blood Bank
2026-08-24T14:41:15,28,546,13,11,DR.MULLAPUDI HARISCHANDRA PRASAD RED CROSS BLOOD BANK,28145,"Doddipatlavari Street, 27-14-9, Tanuku, West Godavari, Andhra Pradesh","Phone: 08819-221184 ,Fax: -, Email: bcircs733@gmail.com",Red Cross ,B+Ve : 3,,2026-08-24 09:35:55,Blood Bank
2026-08-24T14:41:15,28,546,13,11,Sri Buddala Narasimhamurty Blood Centre,2919,"D.No. 34-4/5, Ground floor, Supriya Towers, West Godavari, West Godavari, Andhra Pradesh","Phone: 9133111131 ,Fax: 0, Email: nanibuddala@gmail.com",Private,B+Ve : 7,,2026-08-24 09:11:25,Blood Bank
2026-08-24T14:41:15,28,546,13,11,Bsu Ah Narasapuram,284573,"narasapuram, , Narasapuram, West Godavari, Andhra Pradesh",-,Govt.,,B+Ve : 0,2026-08-24 11:11:45,BSU
2026-08-24T14:41:15,28,546,13,11,Dharani Voluntary Blood Centre,284440,"flat No.201, 2nd Floor, S.V.R.Towers, J.P.Road, Bhimavaram-5, Bhimavaram, West Godavari, Andhra Pradesh","Phone: 9948885779 ,Fax: 1234567890, Email: dharanibloodbank@gmail.com",Private,B+Ve : 1,,2026-08-24 01:30:26,Blood Bank
2026-08-24T14:41:15,28,546,13,11,Bsu Chc Akividu,285085,"Akividu, , Akividu, West Godavari, Andhra Pradesh",-,Govt.,,B+Ve : 0,2026-08-24 05:05:22,BSU
2026-08-24T14:41:15,28,546,13,11,A.S.N. Raju Charitable Trust Blood Centre,2802,"24-1-1, RKPLAZA, JP ROAD, BHIMAVARAM, BHIMAVARAM, Bhimavaram, West Godavari, Andhra Pradesh","Phone: 9666001234 ,Fax: -, Email: asnrajucharitabletrust@gmail.com",Charitable/Vol,B+Ve : 1,,2026-08-24 10:15:15,Blood Bank
2026-08-24T14:41:15,28,551,13,11,Bsu Chc Sidhout,284768,"Sidhout, , Sidhout, Y.S.R., Andhra Pradesh",-,Govt.,B+Ve : 1,,2026-08-24 11:04:12,BSU
2026-08-24T14:41:15,28,551,13,11,Bsu Chc Porumamilla,284668,"Porumamilla, , Porumamilla, Y.S.R., Andhra Pradesh",-,Govt.,,B+Ve : 0,2026-08-24 13:24:21,BSU
2026-08-24T14:41:15,28,551,13,11,Bsu Chc Badvel,281773,"Badvel, , BADVEL, Y.S.R., Andhra Pradesh",-,Govt.,,B+Ve : 0,2026-08-24 10:14:24,BSU
2026-08-24T14:41:15,28,551,13,11,Bsu Chc Mydukur,281774,"Mydukur, , MYDUKUR, Y.S.R., Andhra Pradesh",-,Govt.,B+Ve : 1,,2026-08-24 07:08:27,BSU
2026-08-24T14:41:15,28,551,13,11,Government General Hospital Blood Centre Pulivendula,2807,"Area Hospital Premises, Muddanoor Road, Pulivendla, PULIVENDULA, Y.S.R., Andhra Pradesh","Phone: 9966509364 ,Fax: -, Email: pulivendulabb2007@gmail.com",Govt.,B+Ve : 11,,2026-08-23 09:19:28,Blood Bank
2026-08-24T14:41:15,28,551,13,11,Government General Hospital Blood Centre Kadapa,2906,"K wing, Ground floor, Putlampalli, Kadapa, Kadapa, Y.S.R., Andhra Pradesh","Phone: 9494081693 ,Fax: 1234567890, Email: kdpbb1816@gmail.com",Govt.,,B+Ve : 0,2026-08-24 08:39:07,Blood Bank
2026-08-24T14:41:15,28,551,13,11,District Hospital Blood Centre Proddatur,2806,"APVVP Area Hospital Blood Bank Premises, Ground Floor, Proddatur, Proddutur, Y.S.R., Andhra Pradesh","Phone: 9866389307 ,Fax: 0, Email: mobb.pdtr@gmail.com",Govt.,B+Ve : 23,,2026-08-24 07:16:49,Blood Bank
2026-08-24T14:41:15,28,551,13,11,Bsu Ah Jammalamadugu,281770,"Kadapa, , JAMMALAMADUGU, Y.S.R., Andhra Pradesh",-,Govt.,B+Ve : 4,,2026-08-24 09:05:25,BSU
2026-08-24T14:41:15,28,551,13,11,IRCS Blood Storage Unit Kadapa,28140,"10/971,Opp,Matti Pedda Duli, Trunk Road, Kadapa, Y.S.R., Andhra Pradesh","Phone: 7075594255 ,Fax: 0, Email: ircskadapa@gmail.com",Red Cross ,B+Ve : 4,,2026-08-12 09:41:48,Blood Bank
2026-08-24T14:41:15,28,551,13,11,Suraksha Voluntary Blood Centre (Shabari Seva Samiti),284165,"22/148 &149,1st Floor,Vasanthapeta,Proddutur, proddutur, Y.S.R., Andhra Pradesh","Phone: 9246398893 ,Fax: -, Email: fxchinna@gmail.com",Charitable/Vol,B+Ve : 2,,2026-08-24 09:43:15,Blood Bank
2026-08-24T14:41:15,28,551,13,11,Bruhada Blood Center,283362,"21-648-1, 2ND FLOOR, PRASAD TOWERS, OLD MUNICIPAL OFFICE ROAD, OPP RAMESH THEATRE, KADAPA, Kadapa, Y.S.R., Andhra Pradesh","Phone: 9177791860 ,Fax: 0, Email: Bruhadabloodbank@gmail.com",Private,B+Ve : 1,,2026-08-24 10:09:13,Blood Bank
2026-08-24T14:41:15,28,551,13,11,Fathima Institute Of Medical Sciences Blood Centre,2835,"Ramarajupalli, Pulivendula Road,kadapa, Kadapa, Y.S.R., Andhra Pradesh","Phone: 8790907287 ,Fax: 1234567890, Email: fims.kadapa.ap@gmail.com",Private,,B+Ve : 0,2026-08-24 09:20:49,Blood Bank
2026-08-24T14:41:15,28,551,13,11,Boga Parvathamma Memorial Donation Service Organisation,2824,"D.No.3/217-218, st Floor Chriestian Line East , Revenue ward -3 YSR, Kadapa, Y.S.R., Andhra Pradesh","Phone: 9246398893 ,Fax: 0, Email: bogaparvathamma@yahoo.com",Private,,B+Ve : 0,2026-08-24 09:42:07,Blood Bank
